"Review: Google's new Pixel Buds are great if you use Android and want something like Apple's AirPods, @robotodd says. https://t.co/XUvl6BLosr",1256865891721138178,
"Today, Nintendo is part of a crowded video game market and competes with Sony, Microsoft, Apple and Google. But the company has been around for 130 years, so how has it been able to stay relevant for so long? https://t.co/gE3QGmdGyg https://t.co/wlrM7heS0l",1256766426347646976,
"One of the most ambitious projects in Apple history — code-named “Bubble” — launched in less than a month, and was driven by just a handful of employees. https://t.co/f5jHPmClP2",1256627597070479362,
RT @OptionsAction: .@Michael_Khouw takes a look back on his bet that Apple's rally could fizzle by this week's earnings report. $AAPL https…,1256360790053072896,
You might not know about this Apple business that's expected to boom from the coronavirus crisis. https://t.co/6Orr5UVHwt,1256356924989362177,
CDC criteria for digital contact tracing opens door for Apple-Google approach https://t.co/HrBU9qfNC9,1256333433829117952,
Apple earnings grow even in coronavirus pandemic — here's what to watch $AAPL (via @TradingNation) https://t.co/hehwpi5RW0,1256264236256411653,
RT @CNBCPro: Here’s what every major analyst had to say about Apple’s first-quarter earnings report https://t.co/wBaOM97EvY,1256258824480137216,
You might not know about this Apple business that's expected to boom from the coronavirus crisis. https://t.co/fCuCvDJ4Ya,1256227294068301824,
An Apple business you may not know that's poised to boom from coronavirus crisis https://t.co/Df5LsPujsw,1256204108232613888,
"“I would characterize this as a small victory in a dark environment.” Experts discuss what they think is next for Apple, after the company reported a slight increase in quarterly revenue. $AAPL https://t.co/voj3IwXQI1 https://t.co/aRvs1pccsg",1256187996367458309,
New for subscribers:  Here's what every major analyst had to say about Apple's first-quarter earnings report https://t.co/K0hCiJV0ni Check out @CNBCPro for a free trial.,1256169138701176832,
Apple CEO Tim Cook says company saw an 'uptick across the board' in late April https://t.co/16JkUaAerN,1256004009917325313,
"Here's what you missed in business news today: Apple and Amazon report earnings, plus latest on contact tracing https://t.co/94w2nnxbam",1255997796542529539,
"RT @CNBCFastMoney: Apple may have beat, but it's not getting a lot of love after hours. @GuyAdami says this stock is in ""no man's land"" $AA…",1255985738446929921,
RT @CNBCFastMoney: Amazon vs. Apple: @LoupVentures' Gene Munster gives his takeaways from their earnings reports $AMZN $AAPL https://t.co/7…,1255985648965767173,
"Stocks making the biggest moves after hours: Amazon, Apple, Western Digital and more https://t.co/D0TlLJTqyj",1255981364769427456,
Apple reports flat revenue and does not offer guidance because of coronavirus uncertainty. https://t.co/0AVRnI2yGr,1255963772256169984,
"RT @CNBCnow: Apple's massive cash pile now sits at $192.8B, down from $207.1B last quarter. https://t.co/BBXKlhkNxy https://t.co/eltrI24Prm",1255961064883326977,
"Apple now has $192.8 billion in cash on hand, down from last quarter https://t.co/BIapihFpO7",1255960975020261377,
APPLE EARNINGS: Apple shares moved up 2% in extended trading on Thursday after the company reported its Q2 results. https://t.co/xLmgGqmOSt https://t.co/CAY6zG0F3a,1255959739441336321,
Apple iPhone revenue drops 7% from last year as coronavirus hits supply chain and demand. https://t.co/LGjXwBryCD,1255959579520794625,
RT @CNBCnow: Apple jumps almost 2% after-hours https://t.co/wxMVOjEizS https://t.co/GwCQE34jd1,1255958645709443075,
RT @CNBCnow: EARNINGS: Apple increases share buyback program by $50B and hikes its dividend by 6%. Apple did not offer third quarter guidan…,1255957873714176001,
RT @CNBCnow: EARNINGS: Apple Q2 EPS $2.55 vs. $2.26 Est.; Q2 Revs. $58.3B vs. $54.54B Est. • $AAPL https://t.co/wxMVOjEizS https://t.co/boD…,1255957747834683396,
What to look for with Apple set to report earnings after the bell https://t.co/voj3IwXQI1,1255944006384713730,
This level 'would be the all clear' for Apple's stock as iPhone maker heads into earnings: Chart analyst $AAPL (via @TradingNation) https://t.co/I9w5lQxrzU,1255940573116207120,
New for subscribers:  Here's what every major analyst predicts for Apple's first-quarter earnings report https://t.co/7xMpsAM8Ap Check out @CNBCPro for a free trial.,1255895329972662272,
"Apple is making it easier to unlock your iPhone without Face ID, since everyone's wearing masks now https://t.co/YxxtnhAwEa",1255555146785984517,
"RT @kifleswing: Apple and Google released a beta version of their coronavirus tracing/exposure notification software on Wednesday. 

Beta b…",1255543059821068288,
Apple and Google release test version of coronavirus tracing software https://t.co/PtqgQSaRJI,1255542715900723202,
"One of the most ambitious projects in Apple history — code-named “Bubble” — launched in less than a month, and was driven by just a handful of employees. https://t.co/qxmCDtYsPe",1255442105079607300,
"One of the most ambitious projects in Apple history — code-named “Bubble” — launched in less than a month, and was driven by just a handful of employees. https://t.co/wE2Rjzv3PJ",1255245728886161408,
Ford lost $632 million during the first quarter and warned investors that it expects an adjusted pretax loss of $5 billion during the second quarter as the company grapples with the fallout from the coronavirus pandemic. https://t.co/dY8gc13oL1 https://t.co/O5RdYeRogN,1255230534751584268,
"RT @chrissyfarr: For weeks, I've been working on this inside look at how Apple and Google - historic rivals - came together for the contact…",1255213681463504900,
How a handful of Apple and Google employees came together to help health officials trace coronavirus https://t.co/EfWj0yWvrx,1255212535814467586,
"Review: Google's new Pixel Buds are great if you use Android and want something like Apple's AirPods, @robotodd says. https://t.co/qj8ayytqPi",1254847056788754433,
Google's new Pixel Buds are great if you use Android and want something like Apple's AirPods https://t.co/mA3tBI38SC,1254803203637608448,
Germany will use Apple and Google's coronavirus contact tracing solution https://t.co/oUPoR0gvaA,1254796195278589954,
Apple and other big tech stocks report this week – what to watch $AAPL $AMZN $MSFT $FB $GOOGL (via @TradingNation) https://t.co/Sqs51dNMPV,1254766354604965888,
"Apple will ramp up new iPhone production later than usual this year, report says https://t.co/R61NEQQCBl",1254764664883417088,
"Review: Apple's new Magic Keyboard is expensive, but it will change how you work on your iPad Pro, @robotodd says. https://t.co/G7wx4STHrC",1254411878534701056,
"Tired of singing ""Happy Birthday"" over and over when washing your hands? Check out Apple's new feature, which plays your own music for 20 seconds while you scrub away. https://t.co/uhBte5J7x5",1254385652201816064,
"Review: Apple’s new cheap iPhone is an incredible value, says @robotodd. https://t.co/yBEbUb7NBq",1254290684149989376,
"Here’s the breakdown of Big Tech's Q1 lobbying spend: 
-Facebook: $5.3 million, up 19% from last quarter
-Amazon: $4.3 million, up 3%
-Microsoft: $2.4 million, up 0.2%
-Apple: $2.2 million, up 18%
-Google: $1.8 million, down 34% https://t.co/qXh6Aoy8Gw",1254275312466169857,
"Today, Nintendo is part of a crowded video game market and competes with Sony, Microsoft, Apple and Google. But the company has been around for 130 years, so how has it been able to stay relevant for so long? https://t.co/gE3QGlW59G https://t.co/rxFnhFMqkM",1254077711108079619,
"Ex-Apple employees are attacking the mask shortage problem, starting with rubber bands https://t.co/FkMm8a7hc9",1254075889094201344,
"RT @CNBCFastMoney: The $5.1 trillion countdown is on as tech titans Alphabet, Facebook, Microsoft, Amazon and Apple prepare to report earni…",1253822775090913284,
"RT @OptionsAction: Apple rallying ahead of earnings next week, but @CarterBWorth isn’t convinced the iPhone maker's stock can keep charging…",1253822347393589261,
"Trump says he talked to Apple CEO Tim Cook, who predicts a V-shaped recovery https://t.co/1l4MKOqi56",1253733182933028864,
Apple and Google are tweaking plans for tech to help officials track coronavirus exposure https://t.co/TUnJaclopl,1253729801636020224,
"Review: Apple's new Magic Keyboard is expensive, but it will change how you work on your iPad Pro, @robotodd says. https://t.co/ez7lxJ8XhH",1253406295614521344,
"Tired of singing ""Happy Birthday"" over and over when washing your hands? Check out Apple's new feature, which plays your own music for 20 seconds while you scrub away. https://t.co/gTqezp1gKU",1253401015895953409,
Apple's new Magic Keyboard is expensive but will change how you work on your iPad Pro https://t.co/77I8bX2DLD,1253358614804381697,
RT @CNBCFastMoney: China pollution levels suggest Apple's key chip maker is picking up production $AAPL https://t.co/5FqyyLWBXY,1253096257519783938,
New for subscribers:  Morgan Stanley says increasing pollution over China means you should buy Apple shares https://t.co/7o91P7ES7f Check out @CNBCPro for a free trial.,1252990252186251270,
"Here’s the breakdown of Big Tech's Q1 lobbying spend: 
-Facebook: $5.3 million, up 19% from last quarter
-Amazon: $4.3 million, up 3%
-Microsoft: $2.4 million, up 0.2%
-Apple: $2.2 million, up 18%
-Google: $1.8 million, down 34% https://t.co/RMuzHV4VGn",1252972425156923392,
"Review: Apple’s new cheap iPhone is an incredible value, says @robotodd. https://t.co/KlvWY7b7ex",1252970373555138560,
Apple's new cheap iPhone is an incredible value https://t.co/Cfjg21Ylco,1252945561021493249,
"RT @CNBCFastMoney: A MAGA meltdown hitting Wall Street today, with Microsoft, Apple, Alphabet and Amazon all leading the broad market lower…",1252739697190883329,
"iPhone SE sales better than expected but iPhone shipments to drop 20-25%, says top Apple analyst Kuo https://t.co/j0xEA9WBTY",1252696618157178881,
"Orders for Apple’s iPhone SE better than expected, but iPhone shipments to drop 20-25% this quarter, top analyst says https://t.co/6vD8eKjckM https://t.co/xs5871ptFt",1252665565589749767,
"Apple, Google CEOs should be held personally liable for protecting contact tracing data, says Hawley https://t.co/uk0tMIilFu",1252659375715627008,
"Today, Nintendo is part of a crowded video game market and competes with Sony, Microsoft, Apple and Google. But the company has been around for 130 years, so how has it been able to stay relevant for so long? https://t.co/gE3QGmdGyg https://t.co/ffbj36mQM9",1252479176206147585,
"Goldman Sachs says sell Apple, chart analyst says otherwise $AAPL (via @TradingNation) https://t.co/bI9mMbnb8I",1252195245174988800,
"Apple Music is now available for the web, letting you stream more than 60 million songs and access playlists, albums, artists and favorites you may have saved on your iPhone. https://t.co/npGQt0XoR0",1251996391225901056,
Take a look at Apple's new $399 iPhone SE. https://t.co/CInQZnHUlz https://t.co/fwY9OopN2w,1251966359539535873,
"Apple unveiled its new iPhone SE this week, as most of the country remains under lockdown. https://t.co/TZArVGey9M",1251920503096446977,
Apple now sells 5 iPhones. So which one is best for you? https://t.co/zGHKLl1N8W,1251677824223772672,
Dozens of scientists and doctors were brought on to consult for the movie “Contagion.” We spoke with some of the film's advisors as the world grapples with the real-life coronavirus pandemic. https://t.co/vlIFPXpMWj,1251623120500396034,
"Today, Nintendo is part of a crowded video game market and competes with Sony, Microsoft, Apple and Google. But the company has been around for 130 years, so how has it been able to stay relevant for so long? https://t.co/gE3QGlW59G https://t.co/d3UBN0kCBL",1251355270506147845,
"For subscribers: Goldman downgrades Apple to sell, predicts nearly 20% drop in stock from here https://t.co/CHJBjl9wix Check out @CNBCPro for a free trial.",1251300935915241472,
"RT @CNBCFastMoney: Sell Apple, says Goldman Sachs. Our traders weigh in on the contrarian call $AAPL https://t.co/z3r6MASmPy",1251271938703593475,
"Apple Shows Signs Of Recovery From Coronavirus, Doesn't Shake Bulls With Lack Of Guidance $AAPL https://t.co/FkfsaR0crO",1256245745524580352,
"Apple Reports Big Q2 Earnings Beat, Driven By Record Services Revenue $AAPL https://t.co/DGzMgWiFyd",1255960424815702017,
How Large Apple Option Traders Are Positioning Ahead Of Earnings $AAPL https://t.co/zP0iCKVH70,1254942155467943936,
"Apple And Amazon Earnings, Fed Meeting Among Highlights In Busy Week Ahead https://t.co/sVEN5EDU03",1254769263094579203,
"Apple Analyst Braces For 'Friday The 13th'-Like Q2, Says iPhone On Track $AAPL https://t.co/byGVYlfh5X",1253496495334137858,
"‘Tone-Deaf’: Gene Munster Dismisses Goldman's Apple Downgrade, Says Cupertino Has Long-Term Earnings Power $AAPL $AMZN $FB https://t.co/mCf3MkjqZa",1251250381214101504,
"Goldman Turns Bearish On Apple, Qualcomm, Projects 36% Drop In Q2 iPhone Sales $AAPL $QCOM  https://t.co/ZLtNGLJ0xp",1251210623335219201,
Apple Ready To Launch 'iPhone 9'; Analyst Says Initial Sales Could Reach 25M Units $AAPL https://t.co/aoSza2MSZj,1250484030119612416,
Apple And Google Team Up To Build Bluetooth Solution To Tackle COVID-19 Pandemic $AAPL $GOOGL https://t.co/O3C7cHaMlm,1249747929826394115,
Apple's Stock Will Outperform Other FAANG Stocks In 2020: Munster $AAPL $AMZN $GOOG $NFLX $FB https://t.co/SYKDSUWBDm,1249736606145118217,
Apple's iPhone 9 Launch Could Be Imminent $AAPL https://t.co/XMu2C7mAEu,1249449714510180352,
Apple TV+ At A 'Fork In The Road' As Disney+ Reports 50M Subscribers $AAPL $DIS https://t.co/6k91LoO1bD,1249419516079042560,
"Benzinga's Bulls And Bears Of The Week: Apple, Disney, Intel And More $AAPL $DIS $HOG $INTC $TSLA $WBA $JPM $LLY https://t.co/I7seGrSXJ7",1249079776741998592,
Apple At A 'Fork In The Road' As Disney+ Reports 50M Subscribers $AAPL $DIS https://t.co/T7jvynhMGX,1248385202247708676,
Apple's iPhone 9 Launch Could Be Imminent $AAPL https://t.co/pSJWLiRzz4,1247301811331088384,
"Esports, Gaming Thrive, Adapt As Nation Grapples With Pandemic $ATVI $NVDA https://t.co/L2UqO3wjXJ",1240770021757837314,
"Bulls And Bears Of The Week: Apple, Boeing, FANGs And More $BA $NFLX $F $OXY $AAPL $FB $HPQ $HAL $UBER https://t.co/bBwwEJc68p",1239193382867677190,
All Apple Stores Outside Of China To Temporarily Close $AAPL https://t.co/WcwiZVBV6c,1238846094575988736,
Here's How Long It Took Apple To Reach A $100B Market Cap $AAPL https://t.co/SSmyjUEASt,1235656330460921857,
"Bulls And Bears Of The Week: Apple, Chesapeake, GE And More $AAPL $ACB $CHK $GE https://t.co/DfQbspGGNE",1234222510700453890,
"Gene Munster On Apple's Future, Tesla's Valuation And The 2020 Election $AAPL $TSLA https://t.co/b48thUqjbW",1233814190038691843,
"Gene Munster On Apple's Future, Tesla's Valuation And The 2020 Election
$TSLA $AAPL
https://t.co/YicrxRrfyA",1233484948323127296,
RT @DugganSense: Apple Analyst Says Cupertino's Semiconductor Suppliers Caught At Center Of Coronavirus Outbreak $AAPL $AVGO $CRUS https://…,1230102218625421313,
"Good Morning Asia! Here was our most-read story from Monday.

AMD Could Replace Intel In Apple's Mac Devices: Unconfirmed Report $AMD $AAPL https://t.co/klu2SzhJu4",1227079024637292544,
"Benzinga's Bulls And Bears Of The Week: Apple, Comcast, GE, Netflix And More $AAPL $CMCSA $GE $NFLX $UBER $FOXA $TSLA $PINS $TTWO https://t.co/awUxtZ85nf",1226521133371006977,
Here's How Large Apple Option Traders Are Positioning Following Coronavirus Outbreak $AAPL https://t.co/CCSOsxHv90,1224504845530431488,
3 Apple-Heavy ETFs You Probably Haven't Heard Of $AAPL $JOYY $PTNQ $QYLD https://t.co/FT55LklR1l,1222528860891250688,
"Apple's Q1 Earnings Boosted By Strong iPhone, Services Sales $AAPL  https://t.co/O2OR3JZCvs",1222295508217212930,
"RT @daveroyse: Apple's Q1 Earnings Boosted By Strong iPhone, Services Sales $AAPL https://t.co/aZnHqOLlA8 via @benzinga",1222277521166737410,
"$AAPL Earnings:
Apple Q1 Greater China Sales $13.578B, Up 3% Year Over Year",1222271074429259776,
"$AAPL Earnings:
Apple Q1 iPhone Sales $55.957B, Up 7.6% Year Over Year",1222270982582304769,
"$AAPL Earnings
Apple Q1 EPS $4.99 Beats $4.54 Estimate, Sales $91.82B Beat $88.43B Estimate https://t.co/YJwskXtfat",1222270817536561152,
"How Options Traders Are Betting On Apple Ahead Of Q1 Earnings
$AAPL
https://t.co/tpbQqKgqJ8",1222252718540103681,
A Bull Vs. Bear Take On Apple's Stock $AAPL https://t.co/7PqyEd6db6,1221939888792227840,
"Benzinga's Bulls And Bears Of The Week: Apple, Boeing, Netflix, GE And More $AAPL $BA $GE $NFLX $TSLA $LVS $MSFT https://t.co/vs7KijzAvi",1221450218652106752,
Great American Companies: A Brief History Of Apple Inc. $AAPL $IBM $MSFT https://t.co/OPB70QJeyq,1221085314229264385,
"Barron's Picks And Pans: Apple, Boeing, Disney, Tesla And More $AAPL $BA $BBBY $DIS $TSLA https://t.co/kju1J1VUzK",1219053755154477056,
Apple Analyst Says 2020 iPhone Shipments Tracking Ahead Of Expectations On Strong Global Demand $AAPL https://t.co/8MIKq8cHjM,1217227393347178496,
"PreMarket Prep Recap: Q4 Earnings Season Begins, Apple Gets A Downgrade $AAPL
https://t.co/j1W61nMv7K",1217179557947695107,
AG Barr Wants Apple To Unlock Pensacola Shooter's iPhone $AAPL https://t.co/3oJWvqGHWT,1216865005364183041,
"Bulls And Bears Of The Week: Apple, Citigroup, Southwest, Walgreens And More $AAPL $ACB $APA $C $WBA $LUV  https://t.co/crLkJ0X3Gr",1216477529311207428,
"Barron's Picks And Pans: Apple, Bank of America, Lockheed Martin And More $AAPL $AMZN $BAC $LMT https://t.co/Ki0t5wy1qH",1216049478349836288,
"#OTD in 2007, Apple unveiled the first iPhone. $AAPL

https://t.co/HiZAmyr0DL https://t.co/iGSwJYIqDZ",1215294683972358145,
Pros Discuss Apple Stock One Year After Profit Scare $AAPL https://t.co/8WzVGtZbNI,1214324515548721153,
"Apple Analysts Raise Price Targets, iPhone Still Driving Bullishness Months After Release $AAPL https://t.co/JiiZ9QMWed",1213944511832961024,
"Benzinga's Bulls And Bears Of The Week: Apple, Disney, Starbucks, Tiffany And More $AAPL $DIS $AMZN $ATVI $TSLA $SBUX $LK $MIK $TIF https://t.co/VSmSkBAu0R",1213587156930662400,
"Apple Analysts Raise Price Targets, iPhone Still Driving Bullishness Months After Release $AAPL https://t.co/BoZ1oBzI6U",1213159338233208837,
"RT @JavierHasse: Benzinga's Most-Read Stories Of 2019
ft. @Apple @Aurora_MMJ (x7) @aphriainc @Hexocorp @GrnOrganicDutch @medmen @KushCo_Hol…",1212849009360019457,
"Munster Doubles Down, Says Apple Has 40% Upside This Year
$AAPL
https://t.co/CkwGDqtWUc",1212773267846643712,
"Here's How Much Investing $100 In Apple Stock Back In 2010 Would Be Worth Today
$AAPL
https://t.co/VArUOdCHaf",1211723835004915712,
"Wedbush Projects Apple To Dominate 5G 'Super Cycle,' Disney To Beat Netflix $AAPL $DIS $NFLX $MSFT $AMZN $TSLA $UBER https://t.co/JWfCberf2a",1211663466039271424,
"Bulls And Bears Of The Week: Amazon, Apple, Boeing, Netflix, Tesla And More $AAPL $ACB $AMRN $BA $NFLX $TSLA  https://t.co/gZkMBj7FzD",1211286823256952832,
"Apple Stock Rallied This Year, But 5 Analysts Also Turned Bearish $AAPL https://t.co/5UGUPrT8oK",1210684125230833665,
"RT @DugganSense: Gene Munster Talks Tesla's Opportunity, Apple's Valuation, Netflix's Headwinds $AAPL $AMZN $FB https://t.co/WEz4PJ9AD2 via…",1210630974612094977,
"RT @DugganSense: Gene Munster Talks Tesla's Opportunity, Apple's Valuation, Netflix's Headwinds $AAPL $AMZN $FB https://t.co/WEz4PJ9AD2 via…",1210630974612094977,
"Gene Munster Talks Tesla's Opportunity, Apple's Valuation, Netflix's Headwinds $AAPL $AMZN $FB $NFLX $TSLA  https://t.co/YkZBHj7YhU",1210291263045545984,
Apple Analyst Raises Price Target Ahead Of 5G iPhone Launch $AAPL https://t.co/QTRcX5p59I,1208886181208952832,
"Benzinga's Bulls And Bears Of The Week: Apple, Microsoft, Netflix, Peloton And More $AAPL $ACB $FDX $MSFT $NFLX $PTON $TSLA $T https://t.co/MAhxBHywH0",1208553992374116352,
Apple Analyst Raises Price Target Ahead Of 5G iPhone Launch $AAPL https://t.co/2fmAm7xEaz,1208043125861572609,
"Rosenblatt Projects 47% Downside In Apple Shares, Warns Of Drop In iPhone Production $AAPL https://t.co/37uMZanDWJ",1207061659170344962,
"Roku Leads In Subscriber Battle With Apple, Amazon $ROKU $AMZN $AAPL $NFLX
https://t.co/noPIsF8m55",1206977790286925825,
"Roku Leads In Subscriber Battle With Apple, Amazon $AAPL $AMZN $ROKU https://t.co/OeqJ7Xb6QM",1206346287026757633,
Apple Averted An iPhone Fiasco With Phase 1 Trade Deal $AAPL  https://t.co/ORGk4a6zNP,1205871219872083968,
"Roku Leads In Subscriber Battle With Apple, Amazon $AMZN $ROKU $AAPL
https://t.co/OeqJ7Xb6QM",1205589194527121409,
Large Option Traders Dumping Apple Puts Ahead Of Tariff Deadline $AAPL $ADI https://t.co/ndADfIu6lk,1204585341602037765,
What To Know About Apple's iPhone Privacy Location Bug $AAPL https://t.co/KCVcIM5JpF,1203705799488483334,
What To Know About Apple's iPhone Privacy Location Bug $AAPL https://t.co/nxaaZZm4KI,1203080425377153024,
Why The Dow Jones Industrial Average Owes Apple And Microsoft A Big Thanks $AAPL $MSFT https://t.co/GcKVQNIyiu,1202018427914743808,
End Of An Era: What To Make Of Jony Ives Departure From Apple $AAPL https://t.co/zmyJA7KxwG,1200539304625344512,
"Bulls And Bears Of The Week: Nio, Target, Apple and More $AAPL $AMD $CHUY $TSLA $FL $NIO $TGT https://t.co/nNLcBpVY77",1198606728994213890,
"VirnetX Shares Plummet As Appeals Court Sides With Apple
Shares of $VHC are down 28%
https://t.co/fOeXi2nAg5",1197930773195771905,
Trump 'Opened' A New Apple Factory That Has Been Running For 6 Years $AAPL $FLEX https://t.co/Mh7nb0TDRc,1197488579691368448,
Apple Option Trader Makes $3M Bet On 10% Pullback $AAPL https://t.co/A4VEmqyGjS,1196880826840932352,
"'Fast Money Halftime Report' Traders Advise Viewers On Microsoft, Apple And More
$AAPL $MSFT $PG $WORK $HD $AMZN
https://t.co/KqUChgXw8q",1196547125770719232,
"Bulls And Bears Of The Week: Apple, Disney, Microsoft, Uber And More $AAPL $CRM $CSCO $MSFT $UBER $FCX $DIS $NIO https://t.co/pCz9RAsxV9",1195719777131601921,
What You Need To Know About Apple's New Health Initiatives $AAPL https://t.co/Kt5lsXJP2c,1195133058082594817,
New Bear Takes A Bite Out Of Apple: Maxim Downgrades Stock To Sell $AAPL https://t.co/BGT2aTx63k,1195057561269092353,
Experts Debate If Apple's Goldman Credit Card Has Sexist Credit Checks $AAPL $GS https://t.co/78R8YdrTvN,1194045894682972160,
"Apple, Goldman Sachs Under Scrutiny For Alleged Discrimination In Apple Card Algorithm $AAPL $GS https://t.co/hqnww8kQ5T",1193864700888399872,
Bernie Sanders Accuses Apple Of Using Housing Crisis As A Business Opportunity $AAPL $FB $GOOG https://t.co/mwjTmmdPQH,1191690373405396998,
Google Invades Apple's Wearables Territory With Fitbit Acquisition $GOOG $AAPL $FIT $GRMN $FOSL https://t.co/45y4JKrGjL,1191144275133624320,
"Bulls And Bears Of The Week: Apple, Facebook, Starbucks, Wayfair And More $AAPL $FB $GOOGL $INTC $SBUX $MAT $T $W https://t.co/F0zWcfUmaC",1191023479388344321,
Google Invades Apple's Wearables Territory With Fitbit Acquisition $GOOG $FIT $AAPL https://t.co/vXWOMYrpAj,1190721489403727872,
RT @daveroyse: Google Invades Apple's Wearables Territory With Fitbit Acquisition $AAPL $FIT $FOSL https://t.co/6qGcFZE0tJ via @benzinga,1190410104140681217,
How Much Does It Cost: Apple TV+ Vs. Disney+ Vs. Hulu Vs. Netflix Vs. Amazon Prime $AAPL $AMZN $DIS $NFLX https://t.co/BTIDWgQ6UJ #AppleTVPlus,1190399366768537600,
Google Invades Apple's Wearables Territory With Fitbit Acquisition $FIT $GOOG $AAPL $GRMN $FOSL https://t.co/Zd3F6V3lvk,1190346518839980032,
"What To Make Of Apple Earnings: Wearables, China And Apple TV+ $AAPL https://t.co/2C4sFY8oIw",1189925013853556736,
"Apple Beats Q4 Earnings Estimates, Services Revenue Up To $12.51B $AAPL https://t.co/1EhXNaIlXj",1189644392082104321,
"Earnings: $AAPL
Apple Q4 iPhone Sales $33.36B Down From $36.76B YoY, Mac Sales $6.99B Down From $7.34B YoY, Services $12.51B Up From $10.6B YoY, Wearables/Home And Accessories $6.52B Up From $4.22B YoY https://t.co/LVsvR2B6as",1189642206845513728,
"Earnings: $AAPL
Apple Sees Q1 Sales $85.5B-$89.5B vs $86.92B Est.",1189641072693186560,
"Earnings: $AAPL
Apple Q4 EPS $3.03 Beats $2.83 Estimate, Sales $64.04B Beat $62.99B Estimate https://t.co/pQZKl57aLa",1189640830417588224,
How Apple Shares Typically Trade Following Q4 Earnings $AAPL https://t.co/uhEfLFP9z8,1189553795153518594,
"Apple Q4 Earnings Preview: The Street Eyes Strength In iPhone, Services $AAPL https://t.co/OlnH8yGows",1189349952100753408,
"RT @charliebilello: Apple has bought back $338 billion in stock over the past 7 years, which is greater than the market cap of 491 companie…",1256407520983126016,
"Apple raised its dividend by 6%. 

""We are confident in our future and continue to make significant investments in all areas of our business to enrich our customers' lives... including our five-year commitment to contribute $350 billion to the United States Economy"" via @tim_cook",1255960329034428417,
"Don't forget, Apple and Amazon report earnings after the close.",1255942805626617858,
"RT @JonErlichman: Apple website in 1998:
https://t.co/sVBhY9tcW8",1251247940875632640,
RT @JonErlichman: On this day in 1976: Apple founded https://t.co/JySA48AuCz,1245322336359690240,
RT @JoannaStern: Best Apple product ever? https://t.co/jWMnXdj7XG,1243603204987703296,
"RT @JonErlichman: First logos of Apple, Microsoft, Google &amp; Netflix: https://t.co/TcuSwkEDI1",1231700332574576640,
"Internally, real estate marched higher, and energy &amp; consumer discretionary were not far off. 

The biggest loser of the day was tech as strong big cap stocks like Microsoft and Apple gave it up.

Small caps and energy leading and tech lagging - maybe just a countertrend day.",1227366462043672576,
"RT @charliebilello: Since its IPO in 1997, Amazon has made $30 billion in cumulative net income.

Apple has made $36 billion in net income…",1223007842921320448,
"RT @charliebilello: Apple iPhone Revenue, Billions (YoY % Change)
Q1 '20: 55.97 (+8%)
Q1 '19: 51.98 (-16%)
Q1 '18: 61.58 (+13%)
Q1 '17: 54.…",1222278673031663616,
RT @ReutersUS: Coronavirus outbreak may disrupt Apple's iPhone production ramp up plans: Nikkei https://t.co/N2LIRyVxNm https://t.co/73FTtb…,1222121509839425536,
"RT @business: Apple suppliers plan to begin mass production of a new low-cost iPhone in February, sources say https://t.co/TeSZbYudwW",1219783444147904513,
"RT @spectatorindex: Apple has greater market value than the following companies combined:

- Boeing
- Toyota
- McDonalds
- Nike
- Volkswage…",1218590314845364225,
"""Should Apple break that uptrend line it will be problematic, but this chart has been Steady Eddie, not parabolic."" 

h/t @hmeisler 
https://t.co/ubfDX2Tuao",1218178379825979395,
"Apple TV+ Nabs Spike Jonze's Beastie Boys Doc

$AAPL
https://t.co/AUEcZjfvGU",1217822326802276352,
"Apple App Store users spent a staggering $1.4 billion between Christmas Eve and New Year’s Eve - @FastCompany 

https://t.co/lKlJgmc4ea",1214891984369913857,
"Stocktwits Trending Tickers BMO 1/3/20 

$TVIX U.S. kills Iranian General in Baghdad last night.
$TSLA Delivery data met its full-year guidance.
$AAPL HBO executive, responsible for GoT, joins Apple.
$AMZN Threatened to fire employees speaking out about climate change.

et al.",1213101858266456064,
"RT @OpenOutcrier: $AAPL (-0.9% pre) Apple Concerned Ex-Employees Accused of Theft of Trade Secrets Will Flee to China - MacRumors

https://…",1204389584475430912,
"""Apple has broken ground on its new $1 billion, 3-million-square-foot campus.""

https://t.co/eBHPlx5IoN",1197150090403680257,
"“Goldman and Apple are delegating credit assessment to a black box,” Hansson said. “It’s not a gender-discrimination intent but it is a gender-discrimination outcome.”

via @dhh 

https://t.co/Ec1vlIbWBj",1193306942367838209,
Apple $AAPL is going all in on the camera. Here's what the next generation of iPhones will have: https://t.co/SSNtEFYONV,1171493869956911108,
"The Apple Card reviews are coming in. And so far the results are.... mixed. $AAPL 

https://t.co/F6ngEI83AH",1164886064345047041,
"Apple $AAPL is hitting fresh new year-to-date highs after earnings. It's up 5% today and now 32% this year alone.

https://t.co/mx0N76FRPo https://t.co/DFHLxwl34v",1156568405874565121,
"48% of Apple's $AAPL quarterly revenue comes from the iPhone.

21% comes from its Services.

The rest is either Mac, iPad or accessories like AirPods. https://t.co/ybY3ftMjIG",1156305180247363584,
Apple $AAPL BEATS on earnings per share and revenue. https://t.co/8yh3rgvYx9,1156302111937839106,
Apple $AAPL is popping after earnings. It's up 3% and someone just shared the chart. https://t.co/dG2UhKfaG0,1156301524743725057,
"Here comes Apple earnings. The estimated time is 4:30 PM ET. On Stocktwits, 67% of tagged messages are bullish while 33% are bearish.

Nearly 3,000 messages have been shared about $AAPL on Stocktwits before earnings. https://t.co/mx0N76FRPo",1156283133634994176,
"The biggest companies in the US by market cap

Microsoft $MSFT $1 trillion
Apple $AAPL $975 billion
Amazon $AMZN $940 billion
Alphabet $GOOGL $880 billion
Facebook $FB $550 billion

https://t.co/MpfXQA0JvC",1121425301966413824,
Apple $AAPL breakout stats https://t.co/HgxN3bb2Np,1255307740433571842,
Apple $AAPL breakout stats https://t.co/HgxN3aTroP,1253859899815034880,
What usually happens after Apple $AAPL breaks out? https://t.co/HgxN3aTroP,1253429317771513857,
Apple $AAPL breakout stats https://t.co/HgxN3aTroP,1252852742336307205,
Apple $AAPL breakout stats https://t.co/HgxN3aTroP,1251109470580531200,
Apple $AAPL breakout stats https://t.co/HgxN3aTroP,1246043058887462913,
Apple $AAPL breakout stats https://t.co/HgxN3aTroP,1244965121761234944,
Apple $AAPL breakout stats https://t.co/HgxN3aTroP,1244732830829006850,
What usually happens after Apple $AAPL breaks out? https://t.co/HgxN3aTroP,1242790349036113921,
Apple $AAPL breakout stats https://t.co/HgxN3aTroP,1239881063893102592,
Apple $AAPL breakout stats https://t.co/HgxN3aTroP,1238278029895299072,
Apple $AAPL breakout stats https://t.co/HgxN3aTroP,1237188115200000000,
Apple $AAPL breakout stats https://t.co/HgxN3aTroP,1236181716391190529,
What usually happens after Apple $AAPL breaks out? https://t.co/HgxN3aTroP,1235555243829522433,
Apple $AAPL breakout stats https://t.co/HgxN3aTroP,1232930003228061696,
Apple $AAPL breakout stats https://t.co/HgxN3aTroP,1231106331844628482,
What usually happens after Apple $AAPL breaks out? https://t.co/HgxN3aTroP,1230035597412012032,
Apple $AAPL breakout stats https://t.co/HgxN3aTroP,1228658657417543680,
Apple $AAPL breakout stats https://t.co/HgxN3aTroP,1227716096284753920,
What usually happens after Apple $AAPL breaks out? https://t.co/HgxN3aTroP,1224883974918422528,
What usually happens after Apple $AAPL breaks out? https://t.co/HgxN3aTroP,1223108547136745472,
Apple $AAPL breakout stats https://t.co/HgxN3aTroP,1222406051175129088,
Apple $AAPL breakout stats https://t.co/HgxN3aTroP,1221061340363550722,
Apple $AAPL breakout stats https://t.co/HgxN3aTroP,1217219857948626945,
Apple $AAPL breakout stats https://t.co/HgxN3aTroP,1215408085050613760,
What usually happens after Apple $AAPL breaks out? https://t.co/HgxN3aTroP,1212856203262382081,
Apple $AAPL breakout stats https://t.co/HgxN3aTroP,1210826880208605184,
Apple $AAPL breakout stats https://t.co/HgxN3aTroP,1210441984990560257,
What usually happens after Apple $AAPL breaks out? https://t.co/HgxN3aTroP,1209458194520477707,
What usually happens after Apple $AAPL breaks out? https://t.co/HgxN3aTroP,1207120298769731585,
Apple $AAPL breakout stats https://t.co/HgxN3aTroP,1205834775430197250,
Apple $AAPL breakout stats https://t.co/HgxN3aTroP,1199946281143042048,
What usually happens after Apple $AAPL breaks out? https://t.co/HgxN3aTroP,1194961609241681921,
Apple $AAPL breakout stats https://t.co/HgxN3aTroP,1191575017756082177,
What usually happens after Apple $AAPL breaks out? https://t.co/HgxN3aTroP,1190591305082007554,
What usually happens after Apple $AAPL breaks out? https://t.co/HgxN3aTroP,1187902547949805568,
Apple $AAPL breakout stats https://t.co/HgxN3aTroP,1171587419407147013,
What usually happens after Apple $AAPL breaks out? https://t.co/HgxN3aTroP,1170079195252187136,
Apple $AAPL breakout stats https://t.co/YrOAPbLqkd,1169411500932386816,
Apple $AAPL breakout stats https://t.co/YrOAPbLqkd,1166087854499352576,
Apple $AAPL breakout stats https://t.co/YrOAPbLqkd,1164431266671808513,
Apple $AAPL breakout stats https://t.co/YrOAPbLqkd,1161740532189544448,
What usually happens after Apple $AAPL breaks out? https://t.co/YrOAPbLqkd,1159793160714723328,
Apple $AAPL breakout stats https://t.co/YrOAPbLqkd,1159361652359233538,
Apple $AAPL breakout stats https://t.co/YrOAPbLqkd,1154346349392850946,
Apple $AAPL breakout stats https://t.co/YrOAPbLqkd,1154127454841135104,
What usually happens after Apple $AAPL breaks out? https://t.co/YrOAPbLqkd,1152534284722245634,
Apple $AAPL breakout stats https://t.co/YrOAPbLqkd,1149989823505039361,
What usually happens after Apple $AAPL breaks out? https://t.co/YrOAPbLqkd,1147301563104292868,
What usually happens after Apple $AAPL breaks out? https://t.co/YrOAPbLqkd,1146159686153981952,
What usually happens after Apple $AAPL breaks out? https://t.co/YrOAPbLqkd,1144486067501801473,
Apple $AAPL breakout stats https://t.co/YrOAPbLqkd,1141522905416654848,
Apple $AAPL breakout stats https://t.co/YrOAPbLqkd,1139697888911433728,
What usually happens after Apple $AAPL breaks out? https://t.co/YrOAPbLqkd,1138615905187913728,
Apple $AAPL breakout stats https://t.co/YrOAPbLqkd,1136515685108965377,
What usually happens after Apple $AAPL breaks out? https://t.co/YrOAPbLqkd,1136375515311296512,
Apple $AAPL breakout stats https://t.co/YrOAPbLqkd,1136143192460423168,
What usually happens after Apple $AAPL breaks out? https://t.co/YrOAPbLqkd,1134792172253851648,
What usually happens after Apple $AAPL breaks out? https://t.co/YrOAPbLqkd,1133562616360521728,
Apple $AAPL breakout stats https://t.co/YrOAPbLqkd,1130713656923058177,
What usually happens after Apple $AAPL breaks out? https://t.co/YrOAPbtPsF,1123476001122603010,
Apple $AAPL breakout stats https://t.co/YrOAPbLqkd,1121879643823325184,
Apple $AAPL breakout stats https://t.co/YrOAPbLqkd,1116660513826492417,
Apple $AAPL breakout stats https://t.co/YrOAPbLqkd,1111087298240606209,
Apple $AAPL breakout stats https://t.co/YrOAPbLqkd,1109262335699382272,
What usually happens after Apple $AAPL breaks out? https://t.co/YrOAPbLqkd,1109064734530166785,
Apple $AAPL breakout stats https://t.co/YrOAPbLqkd,1106807194463272960,
What usually happens after Apple $AAPL breaks out? https://t.co/YrOAPbLqkd,1106361929239425025,
Apple $AAPL breakout stats https://t.co/YrOAPbLqkd,1103529993697521664,
What usually happens after Apple $AAPL breaks out? https://t.co/YrOAPbLqkd,1102913935118757888,
What usually happens after Apple $AAPL breaks out? https://t.co/YrOAPbLqkd,1098204616469049344,
What usually happens after Apple $AAPL breaks out? https://t.co/YrOAPbLqkd,1093017925559054337,
Apple $AAPL breakout stats https://t.co/YrOAPbLqkd,1091092092615516160,
Apple $AAPL breakout stats https://t.co/YrOAPbLqkd,1088975725057650688,
What usually happens after Apple $AAPL breaks out? https://t.co/YrOAPbLqkd,1085352082268336128,
"Apple Data Shows Shelter-In-Place Is Ending, Whether Governments Want It To Or Not https://t.co/i6FUJrr6qg",1256605451728359426,
Just tried to type “question” and Apple autocorrect changed it to quarantine. God’s honest truth.,1245124361536909312,
Apple Expects Store Re-Openings To Start on a Staggered Basis in First Half Of April. $AAPL,1242521504706895874,
"RT @AppleHelix: Who would have guessed the most promising antiviral against COVID is a combo of antimalarial+antibacterial??

Negative PCR…",1240365348660150273,
Apple $AAPL $10 off the lows.  $263 up to $273.,1237013994046656512,
"Apple $AAPL down another 4% pre-market, now trading where it was in early December.  Down 20% from its high and only back to December levels shows how much of a rip the stock experienced. https://t.co/yqqSMSNnpx",1233389456524238848,
"Apple $AAPL, Alphabet $GOOG, and Facebook $FB -- uptrends broken.  Netflix $NFLX and Amazon $AMZN remain above their 50-DMAs.  https://t.co/e8LECQTizl https://t.co/YdbUqQnHSu",1232309909913579520,
"Every single Dow stock is down over the last week, with Apple $AAPL, Intel $INTC, and Microsoft $MSFT (three prior leaders) down the most at -7.5%+.  https://t.co/e8LECQTizl https://t.co/2vTkLO0Cpp",1232301528448425985,
"RT @carlquintanilla: Being fired from Apple ""was the best thing that could have ever happened to me. The heaviness of being successful was…",1231932545069133824,
There was a time a little over a year ago that Apple yielded more than 2%. $AAPL,1227698271323291649,
Apple $AAPL above $324 for the time being -- will watch how it closes. https://t.co/dmcboGqH3k,1227659974702137347,
Apple $AAPL having trouble getting through $324 -- a level to now keep an eye on.  https://t.co/KJKyXC4NFs https://t.co/YjrnYlrb6I,1227595919941611521,
Both the Dow and S&amp;P are sitting on decent YTD gains.  But 17 of 30 Dow stocks are in the red YTD while 16 of 30 largest S&amp;P 500 stocks are in the red.  Thank you Apple $AAPL!  https://t.co/SNJTLu5lro $SPY $DIA $$ https://t.co/4AEccYZs0q,1222876760108302336,
Bespoke's Morning Lineup - 1/29/20 - An Apple a Day Keeps the Doctor Away https://t.co/w4TifP4fla via @bespokeinvest,1222526079858094082,
Will Apple $AAPL close higher or lower for the full day tomorrow (versus today's close) following earnings tonight?,1222257912816525313,
Here's a complimentary look at Apple's $AAPL historical earnings snapshot from our Earnings Explorer tool.  Can see this for nearly all US stocks with an Institutional membership (free trial here: https://t.co/4eqR53jaoL) https://t.co/2v0d6HsF4H,1222217791626993664,
"Of the analysts who have Apple rated as a buy, the average price target is just 5% above current levels. $AAPL",1222171455359737857,
"We have some great earnings info on our Earnings Explorer page that you may not know of.  Here's a snapshot of just some of the info on a stock like Apple $AAPL, which is set to report on the 28th.  Try it out w/ a Bespoke Institutional free trial: https://t.co/SNJTLu5lro https://t.co/pBRRM4YYyn",1218325736718774272,
"Here are price charts for the five FAANG stocks.  Apple $AAPL, Alphabet $GOOGL and Facebook $FB have made huge legs higher recently.  Now look for some consolidation and settling in at new price range.  https://t.co/e8LECQTizl https://t.co/LaJzP0KeC9",1217811514192748544,
Apple's 1% decline is the steepest one day drop in over a month. $AAPL https://t.co/aPIXs9Ntgn,1217164589001052160,
Apple now accounts for over 14% of Berkshire Hathaway's market cap. $AAPL $BRKB,1215703815883829249,
Apple’s heady rise highlights perils of concentration https://t.co/f39aFcpnwj via @financialtimes,1215647788601692160,
Apple giving up half of today's gain in the last 40 minutes. $AAPL,1215326303131402242,
"McDonald's $MCD, United Tech $UTX, and Apple $AAPL are the thre most overbought Dow 30 stocks at the moment.  Walmart $WMT is the lone Dow member in oversold territory: https://t.co/e8LECQTizl https://t.co/2nzXiJh9LM",1214549052441923584,
Apple and Microsoft contributed the most to the market's big year and no other stocks were close https://t.co/ys2DolldpQ,1212014372379414533,
Am I Diversified?  https://t.co/ozRnB2Pqa5  This chart shows the weighting of the two largest stocks in each sector ETF.  Apple $AAPL and Microsoft $MSFT now make up 39% of the Tech ETF $XLK. https://t.co/3nuEv0PwaV,1212005363459018752,
Would you look at that...Apple $AAPL now up $1.50 on the day.,1211694805631328256,
Apple is the big stock king even as Wall Street grows wary https://t.co/biqsLe1FqA,1210563992273465344,
Roughly two-thirds of the gain in Berkshire's market cap this year can be attributed to its stake in Apple. $AAPL,1210310317621891072,
"Apple up another $4, ho hum... $AAPL",1210236045759041536,
Apple has doubled off its low of the year.  DOUBLED.,1209191071139454977,
"Apple $AAPL is set to have its best year of the decade in terms of share price appreciation.  Up 77.4% as of today's close.  And remember, the stock fell 10% on the 2nd trading day of the year after lowering guidance.  Serious pump fake.  https://t.co/H4p1RcpfIn https://t.co/NU9Sz85KTM",1206706030815727618,
Berkshire made about $30 billion on its stake in Apple this year which is equal to about 60% of Berkshire's entire market cap gain for the year. @tim_cook deserves a big box of @seescandies from @WarrenBuffett this year,1205600814833770496,
"If Apple's market cap gain in 2019 was a separate company, it would be the 6th largest company in the S&amp;P 500 behind MSFT, GOOGL, AMZN, AAPL and FB.",1205597803910709250,
Apple is just 3% from DOUBLING off its January low. $AAPL,1205596533292437505,
"RT @bespokeinvest: How sweet this year has been for Apple $AAPL.  Of the 40 largest stocks, it's up the most YTD even though it has seen th…",1204031795664236544,
"How sweet this year has been for Apple $AAPL.  Of the 40 largest stocks, it's up the most YTD even though it has seen the biggest increase in analyst sell ratings.  Read more at https://t.co/H4p1RcpfIn. https://t.co/b1C5rlhNyX",1203091786677325826,
New highs for both Apple $AAPL and Alphabet $GOOGL today.  Here's an updated look at their price charts along with $AMZN $FB and $NFLX: https://t.co/H4p1RcpfIn https://t.co/5Rir2HZOs8,1203090322391281664,
Don't see a chart as straight up as Apple $AAPL often.  Alphabet $GOOGL is close though.  Have to see some mean reversion at some point.  Other three FAANG stocks look very different.  Track them easily with our Chart Scanner tool: https://t.co/e8LECQTizl https://t.co/tsPMjdB1H2,1197134566844178432,
"""More than one in eight Americans own Apple AirPods""  @CivicScience https://t.co/fu6ambHqgs",1196509547822759938,
Apple and Microsoft could overtake the Russell 2000 in terms of market cap today.  Stay tuned! https://t.co/miAis5w8I1,1195428909858377729,
Apple $AAPL fell 10% on the 2nd trading day of 2019 on an iPhone sales warning.  Rough one for those that sold on the weak guidance.  Stock is up 87% since the close that day (1/3).,1195412235025371137,
This will likely be the smallest gap in either direction for Apple $AAPL since its 1.06% drop at the open following its February 2018 report.  From our Earnings Explorer tool: https://t.co/e8LECQTizl https://t.co/sj8SSr1XZm,1189872412508246016,
"This will likely be the 8th time that Apple $AAPL has gapped up between 1-3% (a small move for earnings) following earnings.  As shown below, following these gaps, it traded up or down by 2%+ from the open to the close 7 of 8 times.  Three 2%+ declines and four 2%+ gains. https://t.co/7t0iD39xDs",1189872155267358720,
Apple alone will account for about 30% of the entire total. $AAPL,1189626478973071362,
RT @bespokeinvest: Here's Apple $AAPL over the last year.  New all-time high heading into earnings tomorrow after the close.  Pull up the c…,1189160856040419329,
Here's Apple $AAPL over the last year.  New all-time high heading into earnings tomorrow after the close.  Pull up the chart here: https://t.co/KJKyXC4NFs https://t.co/DGcvI2RQ96,1188948893154848769,
"Intel $INTC, Apple $AAPL, Caterpillar $CAT, and Dow $DOW are all 12%+ above their 50-day moving averages.  Just a tad extended.",1188944459431645184,
"Microsoft $MSFT is now the most extended stock relative to its normal trading range of any Dow 30 member.  Intel $INTC, Apple $AAPL, Caterpillar $CAT are the next three.  From our Trend Analyzer: https://t.co/e8LECQTizl https://t.co/PY3xMxYTuC",1188943906156756992,
Here's a look at the 20 largest stocks reporting the rest of this week.  Apple $AAPL and Facebook $FB headline on Wednesday after the close: https://t.co/ztAp2OeJ6r,1188913054655930368,
"Alphabet $GOOG now just a few bucks from a new all-time high.  Also moves ahead of Amazon $AMZN in terms of market cap, back in the #3 spot behind just Apple $AAPL and Microsoft $MSFT. https://t.co/fhZfjYUGS8",1188817122677444613,
Just one QUALCOMM now separates the market cap of the Russell 2000 and Apple and Microsoft.  https://t.co/GJR4vUeIOd https://t.co/7MGcuCqxiS,1187417604006338560,
"Apple $AAPL cracks FANG -- now outperforming the group since the start of 2017, over the last 12 months, and YTD.  See the charts: https://t.co/a6Z3v2NOvB https://t.co/yiu2eeOwLW",1187085200184041472,
The combined market cap of Apple and Microsoft is just one PayPal ($114 bln) from overtaking the total market cap of the Russell 2000.  https://t.co/GJR4vUeIOd https://t.co/IG5vsakDMT,1187043468331409412,
Apple + Microsoft = Russell 2000,1186369722629197829,
Apple (AAPL) Back on Top https://t.co/pWn4347If3 via @Bespokeinvest,1183762830102843392,
"Apple $AAPL is back on top, overtaking Microsoft $MSFT as the world's largest company by market cap.  $1.072 trillion vs. $1.068 trillion.  https://t.co/H4p1RcpfIn https://t.co/N0wB01DmAw",1183749512604594178,
New all-time high for Apple $AAPL this morning.,1182659207117660160,
Apple $AAPL is now the most overbought stock in the Dow 30.  Here's a look using our Trend Analyzer tool.  Nike $NKE and Walmart $WMT are the only other two overbought names in the index: https://t.co/e8LECQTizl https://t.co/2bpVhG8G8N,1182261044288409602,
"Apple $AAPL is back in the ""Trillion Dollar Market Cap"" club: https://t.co/nLUIAsEE4h https://t.co/dG6SU9gKtm",1181302053613776897,
Here's a chart of Apple $AAPL closing in on all-time highs.  (This chart page is open for non-members) https://t.co/bXAMRr0fz1 https://t.co/Xlu7Nb3z1t,1181291317680377865,
FAANG stocks remain trendless at best.  Apple $AAPL has been the only winner over the last six months.  Look at these charts from our Chart Scanner tool: https://t.co/e8LECQTizl $AMZN $FB $AMZN $NFLX $QQQ $$ https://t.co/3CuLvepPq2,1181192606249820161,
"Outside of Apple $AAPL, these FAANG charts are not pretty.  $GOOGL $NFLX $FB $AMZN  https://t.co/H4p1RcpfIn https://t.co/vpUFAGEuZ6",1174656098856579072,
Here's Apple's $AAPL share price versus the firm that cut its price target today.  Are you selling because of this? https://t.co/O1VJw3dvVX,1172596326321799170,
Apple (AAPL) is close to three standard deviations above its 50-day moving average and edging closer to all-time highs.  Here's how it looks compared to the other FAANG stocks using our Custom Portfolios feature.  https://t.co/H4p1RcpfIn https://t.co/sjFSAIqTbR,1172270880635969542,
RT @bespokeinvest: Here's a look at the biggest market cap losers in the S&amp;P 500 over the last 12 months.  Apple $AAPL at the top at -$113…,1171042657801580546,
Here's a look at the biggest market cap losers in the S&amp;P 500 over the last 12 months.  Apple $AAPL at the top at -$113 billion.  https://t.co/Q7mxyQK293 https://t.co/NFzBo2LJjz,1170499997705658368,
Three of the five FAANG names remain oversold $FB $NFLX $AMZN.  Big move higher for Apple $AAPL over the last week.  https://t.co/H4p1RcpfIn https://t.co/r2j9u0cBPo,1164149751006269440,
"Apple $AAPL now less than a buck below its closing price on the day after its recent triple play earnings report.  Stock got slammed on trade fears right after posting great earnings, but has almost made back all of those losses.",1163467746107109378,
Apple $AAPL now down 7.5% from its post-earnings high on Wednesday morning.,1157299089341636608,
Apple's $AAPL nice gains from its Q2 earnings triple play on Tuesday have been erased in two days from a Fed presser and Presidential tweet. https://t.co/QgWsbEJV4J,1157272463228702721,
"Here's a look at price charts for the 5 FAANG names.  Apple $AAPL broke out yesterday then dropped intraday.  $AMZN and $NFLX below 50-DMAs.  $GOOGL in no-man's land, $FB  trending down towards 50-DMA in long-term uptrend.  https://t.co/e8LECQTizl https://t.co/aP7P7UhRHS",1156902040918011904,
Here's a list of the 15 earnings triple plays that came in since yesterday's close.  Apple $AAPL was the biggest: https://t.co/ZDD8a7FPhz,1156584390052524034,
4th Q2 earnings triple play in a row for Apple $AAPL dating back to its July 2016 report.  Covered this in our Chart of the Day today.  (Read here: https://t.co/BNdApDggxA) https://t.co/K5hQUmeXtg,1156304669238550533,
"Nice breakout for Dine Brands (Applebee's, IHOP) $DIN on Friday to a new 52-week high. https://t.co/NaDh5DThMK https://t.co/6esWmShllK",1148201279434428418,
"Nice breakout for Dine Brands (Applebee's, IHOP) $DIN on Friday to a new 52-week high. https://t.co/NaDh5DThMK https://t.co/6esWmShllK",1148201279434428418,
"S&amp;P, Dow fall by more than 2% after Amazon, Apple show they aren’t immune to coronavirus slowdown
 https://t.co/VbKhn2O6hJ",1256305152803221504,
Apple will do fine once life returns to normal; Amazon will do much better in the meantime https://t.co/ikCujUKPhV,1256227689507233792,
RT @djtgallagher: Apple and Amazon results today proved to be a tale of two tech giants not equally suited to the pandemic and its aftermat…,1255989781361655809,
Apple reported a slight uptick in revenue for its latest quarter even as the coronavirus shut down factories and dented sales in China https://t.co/h8l0C9fOSM,1255979498635436032,
New York’s MTA delayed a $1 billion bond sale this week as it grapples with a drastic drop in ridership and cuts in state aid https://t.co/NbqelJMpmj,1255933704456802305,
"RT @JChengWSJ: The coronavirus is forcing Apple to delay ramped-up production of its iPhones by about a month while Foxconn, which assemble…",1254960929722134533,
Apple’s new iPhone SE offers a cheaper entry into the ecosystem that the company needs to grow. https://t.co/1uB2tpY4ng,1250491850164666376,
RT @djtgallagher: A cheap iPhone still has its place for Apple - especially now. For @WSJheard - https://t.co/zvZQDMlPNW,1250471195675226113,
U.S. stock futures wobble and oil drops sharply as investors grapple with the coronavirus’s mounting economic toll https://t.co/iM5BFOemrn,1244585615880065024,
"Launching a 5G iPhone this year may be unwise, but Apple has other moves it can make. https://t.co/WR1regUOG1",1243251423405580288,
RT @djtgallagher: Horrible jobless numbers should give Apple an early hint on whether this is really the year for a 5G phone. (Hint: It's n…,1243248753928065025,
"Apple’s market cap closed below $1 trillion, leaving its longtime rival Microsoft as the only U.S. company left in the trillion-dollar club. https://t.co/fW0QUEvElt",1242431982799409152,
RT @joannechiuhk: Bookings dropped. Flights cut. Planes grounded. The airline industry grapples with a coronavirus crisis. https://t.co/OkU…,1237204074321203200,
RT @jonsindreu: Bookings dropped. Flights cut. Planes grounded. The airline industry grapples with a coronavirus crisis. https://t.co/NAqKd…,1237190352529797120,
"Apple, Allscripts Healthcare Solutions, Boingo Wireless are among the companies with shares expected to trade actively in Tuesday’s session https://t.co/kQrzV2BwKW",1234811363115094017,
RT @Liz_in_Shanghai: Tim Cook bet everything on Apple. And then the coronavirus hit. @kubota_yoko explains why China is here to stay for Ap…,1234752013935595520,
RT @LandersWSJ: It’s been many years since folks warned Apple was dangerously dependent on China. Result? It is still dangerously dependent…,1234685085384790016,
"Global stocks sink as investors grapple with the potential economic fallout from mounting coronavirus infections in South Korea, Italy and elsewhere https://t.co/2x4YprCUtx",1231928131893764096,
The value of Warren Buffett’s Apple stake has more than doubled to $79 billion since he began buying in 2016  https://t.co/zpX9PkjDNh,1230579152123760640,
"RT @GZuckerman: Too big to succeed? Despite $30b in profits from enormous stake in Apple, Buffett and Berkshire have underperformed for a d…",1230507661373763584,
"RT @Liz_in_Shanghai: It’s not just Apple that’s affected. Watch out for HP, Dell, HPE and as companies in China struggle to restart operati…",1229979696219078656,
Major indexes slip after Apple warned that its revenue may be lower than forecast due to the coronavirus outbreak in China. ‘This is a reality check that it’s really happening.’ https://t.co/x3zxhwroJP,1229779696742739968,
"RT @AmrithRamkumar: Many nuggets in here from @GunjanJS, including that Apple, Microsoft, Alphabet and Amazon have accounted for 45% of the…",1229765729383092225,
Global stocks slipped after Apple warned that its revenue may be lower than forecast due to the coronavirus outbreak in China. https://t.co/XvrisS0gVU,1229739868986728449,
Apple is one of the companies with shares expected to trade actively in Tuesday’s session https://t.co/0dYnApW6hc,1229738388170969090,
"RT @Spencerjakab: For all those shrugging off Apple's warning, noting how it doubled since last year's China caution, a dose of reality fro…",1229732582637457408,
"RT @JChengWSJ: Apple said its contract manufacturers were ramping up production “more slowly than we had anticipated.” As a result, it said…",1229629942188535809,
RT @yunheekim22: Apple became the first major U.S. company to say it won’t meet its revenue projections for the current quarter due to the…,1229600483548880896,
RT @joannechiuhk: Apple became the first major U.S. company to say it won’t meet its revenue projections for the current quarter due to the…,1229590375720898560,
"Heard on the Street: The European plane maker has grappled with many problems in 2019, but investors were understandably fixated on Boeing’s 737 MAX crisis https://t.co/BS4FB7jbkW",1227948565818900482,
"The FTC ordered five big tech companies—Alphabet, Amazon, Apple, Facebook, Microsoft—to provide detailed information about their previous acquisitions of small companies https://t.co/JlkcMRqBms",1227372030753984515,
"RT @JChengWSJ: Apple and Foxconn, the largest maker of its devices, say production will resume after on Feb. 10. But signs are emerging the…",1225226029649690624,
"Are there worrying parallels between the ascent of Facebook, Apple, Amazon, Microsoft and Alphabet and the ill-fated dot-com boom of 2000? Goldman Sachs Group says not yet. https://t.co/WHgWbrfOGS",1224416290204536833,
Apple’s current-quarter revenue forecast has a 6.3% spread between the high and low points—wider than the 4.4% average over the past five years https://t.co/zyBprrDRc6,1222616282039771136,
RT @djtgallagher: Apple's latest iPhone blowout was a nice - and inconvenient - surprise. For @WSJheard - https://t.co/fElxKXVPg2,1222297406743597056,
"Apple posted record revenue and a return to profit growth behind strong sales of iPhones, apps and its AirPod wireless earbuds. Shares rose 2.3% afterhours. https://t.co/snddD7KDHc",1222273301365563392,
"Apple, which reports earnings Tuesday, is expected to release its first handsets with 5G wireless technology this fall.  https://t.co/sVaimaZVLa",1221894911865380865,
Investors flee to safer assets as they grapple with the spread of the deadly coronavirus https://t.co/CN8MYMzNuq,1221860192608051202,
Apple's first iPad was also the first time the company took a deliberate hit to margins to grab share. And it wouldn't be the last. @djtgallagher for @WSJheard explains: https://t.co/HIuZekC9l7,1221856945851645952,
"RT @djtgallagher: ""Violent re-rating"" is an apt description for Apple's stock over the past year. Gives tomorrow's Q1 results an extra bar…",1221855580391763969,
"Stocks slumped as China grappled with a worsening viral outbreak, leading investors to reassess the potential economic fallout https://t.co/z8fgVv6lRp",1220371464626540544,
"IBM, Tesla and Apple rise as tech shares gain, but broader rally falls short https://t.co/Ne2YEA2RVr",1220115707675009024,
A mobile game called Plague Inc. becomes the top paid app in China’s version of Apple’s App Store https://t.co/mnGpM3yoDa,1219967986242588673,
"Tesla, Apple, General Motors, Netflix, Johnson &amp; Johnson are some of the companies with shares expected to trade actively Wednesday https://t.co/OOJCyLJ7yd",1219953881158995968,
Apple and Microsoft Are Dazzling Investors. That Won’t Last. https://t.co/fmL2otS0Zr,1215675944356261890,
Apple CEO’s pay cut contrasts with stock’s banner year https://t.co/BhMPqerUhR,1214267919154270209,
"Revs from Apple Watch, Air Pods &amp; Beats headphones in the last 4Qs combined is the size of a Fortune 500 Company.",859520262240337927,
"Apple is apparently increasing component ordering for the iPhone7
https://t.co/PGG5LmKRAE
$AAPL",781103080007958528,
"Apple aims to make original content – following in the footsteps of Netflix and Amazon
http://t.co/yFoAO6xMZw",638695928535379971,
"According to Bloomberg, looks like delays to Apple TV until next year.
http://t.co/cMELo2HOe8",632201939024015362,
Apple Pay  80% of $PNRA's mobile payment transax and since $WFM launched it mobile payments +400%.  $AAPL.,560210558520426497,
Apple's smartphones sales soar in key Asian markets http://t.co/98r5iezojz,557885325826359296,
"RT @BrianSozzi: Did Apple Just Cause a Best Buy Stock Price Explosion?

http://t.co/xC8im6WLgn via @TheStreet 

$BBY",535417792405962752,
"RT @MacRumors: Apple, Paypal Talks Over Apple Pay Soured Due to Samsung Deal http://t.co/DFaIuXraRs",517044552042311680,
RT @SquawkAlley: Apple releases temporary fix for iOS 8 problems http://t.co/HQ60UJyTxD • $AAPL,515179413936570368,
Apple Plans To Shut Down Beats Music http://t.co/FSUQk2IXy8,514160280012455938,
"Apple iPhone 6 Plus pre-orders sold out, smaller iPhone 6 still shipping next week http://t.co/MbZcRc3odH",510430133107183616,
"Apple Hires Gap's Number Two Marketer
 http://t.co/JaksMVvynk",510044117997350912,
Apple Secretly Acquired “Pandora For Books” Startup BookLamp To Battle Amazon http://t.co/txHtSW1g7u via @techcrunch,493720533108666369,
@MyApplePi well sorta makes sense int rates falling globally= so vol follows. its worth watching. lotta folk in defensives vs cyclicals.,474977404835102722,
@AllanSmall_GTA they have a large Apple exposure.  #1 customer.,473885347093700608,
"RT @_ChrisVersace: Good to see the @WSJ is catching up on #Apple and #iBeacon…RMP subs read it here weeks ago
http://t.co/x16WA13azz",473423616483553280,
"RT @StreetEYE: Jimmy Iovine, a Master of Beats, Lends Apple a Skilled Ear - http://t.co/blSHF4t95U - New York Times",471982422159269888,
It's Official: Apple Buying Beats For $3 Billion http://t.co/jgV5byzW6J,471754026439028736,
@investor_apple well could be but their Israel exposure gives them a lot of LT leverage.,466365610625339392,
"Apple reported a rise in sales as consumers gravitated toward its products during coronavirus lockdowns, reports @jacknicas

Apple also said it would buy back $50 billion of its stock. Yes, that's billion with a B.

 https://t.co/qKJercnFKE @nytimesbusiness",1256069875367362560,
"Despite the coronavirus-related slowdown in China, Apple's revenue grew in the last quarter. But the iPhone maker declined to provide a financial forecast for the current quarter. https://t.co/uFZdpHLwJ6",1256040677613371392,
"Christopher Wray, the director of the F.B.I., is a critic of the tough encryption offered by Apple and Facebook's WhatsApp. But his law firm once defended it in a matter with the Justice Department. https://t.co/2Nxx4VHO62",1255945777807048704,
"Even as analysts have trimmed earnings expectations for giants like Microsoft, Apple and Amazon — the country’s three most valuable companies, investors are betting that the Covid-19 crisis accelerates the growing power of America’s corporate colossuses. https://t.co/vTNuW9oWwE",1255336532216614915,
"Investors are betting that the biggest companies, like Apple, Amazon and Microsoft, will do even better after the pandemic crisis. https://t.co/eb3wqMsLM9",1255190309245509633,
"Apple announced plans to release a new version of the iPhone SE. In today's On Tech, @shiraovide on why new smartphones don't matter anymore https://t.co/L0qIJhyh5T",1250612417173864450,
"Apple unveiled its latest iPhone on Wednesday anyway, seizing on a time when many of us are sheltering indoors and glued to our devices https://t.co/VtzJLtEjUh",1250444029420068865,
Apple and Google are working together on a tool for phones that would allow users to trace any recent contact with someone who had the coronavirus. They hope to release it within several months. https://t.co/XVUbG80eU0,1249251931786219521,
Apple and Google said they were building software into smartphones that would tell people if they were in recent contact with someone who was infected with the virus. https://t.co/5RsxDsWase,1248707581121568772,
RT @edmundlee: Google and Apple plan to work together to attempt contact tracing of #COVID19 through Bluetooth — basically where phones can…,1248704828823527426,
"United used to fly nonstop from Denver to Appleton, Wis., a small city in the northeast part of the state. Now, fliers are being offered a route that goes from Denver south to Atlanta, back north to Chicago, and then on to Appleton. https://t.co/DBYk9RjcMt https://t.co/Pa39uMH5Vf",1248272745345024002,
"The U.S., Japan and others are spending big money to get help their economies grapple with the coronavirus. China hasn't. https://t.co/63ToWwr9cs",1248264921370017794,
Airbnb raised $1 billion in new funding as it grapples with devastation from the coronavirus pandemic. https://t.co/JLmeVnOLgv,1247324214819946500,
Oil companies are shutting down wells and refineries as they grapple with a sharp drop in demand for gasoline and other fuels. https://t.co/hl9ovWot5N,1245109137748496391,
"RT @puiwingtam: Big Tech faced a backlash before the coronavirus. Now we're all relying on Amazon, Google, Facebook and Apple more than eve…",1242187879381700609,
"Across rural China, capable smartphones and decent internet remain out of reach for many young learners. For them, e-learning during the coronavirus has meant no learning. story w/ @wywapple 
https://t.co/mWajZaHd56",1239989946548617218,
"France’s antitrust regulator fined Apple $1.2 billion, as the company also grapples with the fallout from the coronavirus outbreak. https://t.co/BNOHTVGvUH",1239582235424063488,
"Apple said it would close most of its stores around the world, signaling that other major retailers might be next to shut their doors https://t.co/WKk0xWosR9",1239270920839221248,
"Apple said it would close most of its stores around the world, signaling that other major retailers might be next to shut their doors https://t.co/Gk2fzYV0XN",1239225367661105153,
"Apple said it would close most of its stores around the world, signaling that other major retailers might be next to shut their doors https://t.co/P52T2Jz4g7",1239180055235919873,
"Apple said it would close most of its stores around the world, signaling that other major retailers might be next to shut their doors https://t.co/lhysuaZYLb",1239008940173725696,
"Apple said it would close most of its stores around the world, signaling that other major retailers might be next to shut their doors https://t.co/TVBCOYQpjK",1238963886725967873,
"Apple said it would close most of its stores around the world, signaling that other major retailers might be next to shut their doors https://t.co/PEge6uwhzs",1238829139337121793,
"“In some respects, we need to look at this as if a tornado came through our city."" Austin grapples with the economic fallout after South by Southwest is canceled.  https://t.co/KHv1t2PaB1 https://t.co/uSaQvMdN9f https://t.co/KHv1t2PaB1",1238469896641622017,
"Want to go beyond the automatic photo-improvement tools on your new Apple or Google phone? Here are some tips for making your night shots, portraits and other pictures even better. https://t.co/0UuesAMCK4",1235166870359150594,
A settlement between Apple and users of old iPhones could mean some customers are eligible to receive $25 from the company https://t.co/mNA6VAN99Z,1234624298641448960,
"Companies like Apple, Microsoft and United Airlines are providing a real-time survey of what effect the coronavirus outbreak is having on consumer and business behavior. https://t.co/LHLS4i95Qe",1234171569573855232,
"Companies like Apple, Microsoft and United Airlines are providing a real-time survey of what effect the coronavirus outbreak is having on consumer and business behavior. https://t.co/zylGU24hhH",1234033150659043329,
"Companies like Apple, Microsoft and United Airlines are providing a real-time survey of what effect the coronavirus outbreak is having on consumer and business behavior. https://t.co/00Mmf9Sqs4",1233889768368431106,
"Companies like Apple, Microsoft and United Airlines are providing a real-time survey of what effect the coronavirus outbreak is having on consumer and business behavior. https://t.co/Stxrd0HUhM",1233741721042849796,
"Bleak economic forecasts by businesses like Mastercard, Microsoft, Apple and United Airlines offer a reading on how the coronavirus is affecting consumer behavior and business sentiment — suggesting that investors are bracing for a lot more bad news. https://t.co/BNpNkMNhwm",1233641564943126528,
"@Apple Makes It Easier to Unlock iPhone While Wearing Face Mask
After complaints that consumers cannot log into their iPhones while wearing face masks, Apple (AAPL) is testing new software to address the issue.
#AAPL #Apple #coronavirus #investorsbusinessdaily https://t.co/IIWC6kAE1O",1256350282839179267,
"RT @IBD_ECarson: Futures fall sharply on Apple, Amazon earnings as four tech giants test buy points https://t.co/0Uwy88i6vi $AMZN $AAPL $TE…",1255992789621510147,
"Stocks soar on Gilead Covid drug; Apple at buy point, Netflix makes bullish move $GILD $AAPL $NFLX Watch Stock Market Today here: https://t.co/tQPyD3ZegE https://t.co/IbZrlKrsYh",1255607170357288961,
Apple Eyes Buy Point With Results Due: Investing Action Plan https://t.co/1QcWEhfW0U,1255561620438175744,
RT @MarketSmith: Four Stocks In Or Near Buy Zones Include Dow Jones Leaders Apple And Microsoft; Tesla Breaks Out https://t.co/oI0RTRB0es,1254825863536771072,
"RT @IBD_ECarson: Apple, Tesla lead stocks near buy points with earnings due; Dow futures fall
https://t.co/dwpb5MR7Z1 #coronavirus $TSLA $A…",1254541920484954113,
"$AAPL You always want to follow the big caps even if you're not in them. ""The RS line is near all time highs on Apple so if the the stock were to breakout here, the RS line would be confirming it and that's a plus."" @IBD_CGessel 

#IBDLive https://t.co/3blGfGPsqp",1251160253686669313,
"RT @IBD_ECarson: Dow futures fall as #coronavirus market rally faces key test, but breakouts expand as Apple, Tesla near bullish technical…",1250590459258449928,
"RT @IBD_ECarson: Dow futures rise with Senate vote due on #coronavirus stimulus deal. Micron rallies late on earnings. Apple, Microsoft, Am…",1242977304739020802,
RT @IBD_ECarson: Apple leads five relative winners that are absolute losers in the #coronavirus stock market crash https://t.co/mp04zn299K…,1240455593237843969,
"Coronavirus crash continues: Citrix stands out; Apple hits resistance, Tesla dives $CTXS $AAPL $TSLA Check out the full episode: https://t.co/EjKcojD5RA https://t.co/t4tbLMTDrX",1240382621428768768,
"RT @IBD_ECarson: Futures turn higher, erasing sharp overnight losses, after Dow's worst day 1987. Apple, Disney and four other titans also…",1238388151426732038,
"RT @IBD_ECarson: Futures fall sharply after big rally; Apple, Microsoft, Alibaba, Netflix, Vertex flash bullish signal https://t.co/jOOSmA3…",1237513294698532864,
"Stocks dive on #coronavirus pandemic fears: Apple, AMD test support; Zoom Video rises $AAPL $AMD $ZM https://t.co/HMDLbouECq",1232049149429706752,
RT @IBD_ECarson: Dow futures tumble on fears coronavirus is becoming a global pandemic; Apple may offer a new buy point https://t.co/gfv1Mc…,1231722974262243328,
"Stocks solid despite Apple: $RH breaks out, Pan American Silver nears buy, InMode dives $PAAS $INMD https://t.co/VgvoPppgm2",1229873119298379776,
RT @IBD_ECarson: Apple Warns On Coronavirus; Futures Reverse Lower https://t.co/ag9SOz6qhR $AAPL $TSLA BABA $WMT $INMD $TSM $QCOM $AVGO htt…,1229580266836025344,
"RT @IBD_ECarson: Dow futures decline on concerns about #coronavirus impact on China's economy. Apple iPhone, Tesla China plants in focus. A…",1226661654756306949,
RT @IBD_ECarson: Tech futures rise after Apple delivers 'Picasso' earnings https://t.co/xF6Xndpr9L $AAPL $AMD $XLNX $CRUS $AVGO $MXIM https…,1222355880668168192,
"Apple, Lockheed, United Tech, Starbucks Lead Investing Action Plan https://t.co/CIQThDKjQC",1221856659904970752,
"RT @IBD_ECarson: Dow futures dive as coronavirus spreads rapidly in China; big stock market test with Apple, AMD, Tesla earnings due
https:…",1221583258107944962,
"Apple, Amazon, Tesla Earnings Lead Frenzied Week Of Q4 Results: Investing Action Plan https://t.co/VM3xdoZPTV",1220769363667476485,
"RT @IBD_ECarson: Taiwan Semiconductor's 5G Chip Outlook Lifts Apple, Tech Futures; Tesla Falls On News https://t.co/mzOBwgjcpM $TSM $AAPL $…",1217791926679801857,
RT @IBD_ECarson: These 5 Top Stocks Are Surging: Don't Buy Them Now https://t.co/Cc5fC3Agmp $AAPL $TSLA $AMD $LK $BABA #Apple https://t.co/…,1215411659126210561,
Were you one of the @Apple users who helped to spend a staggering $1.4 Billion on the app store in a single week over the Christmas holiday? #wow https://t.co/S1H6fSTdZu,1214950961996681216,
"RT @IBD_ECarson: Market rally takes a breather, but not these five stocks https://t.co/0pBPR1cRTC $AAPL $TJX $CPRT $DT $BURL #Apple https:/…",1211826550389252097,
"The #IBDLive Team running through the stock ready list.

$AAPL down nearly 1% today. ""Everyone's saying that Apple's going to be THE clear winner of all the 5G stock plays,"" says @IBD_ECarson.",1211672605624688646,
"RT @mattkrantz: Take your #AirPods out for a second and listen up. 

Apple isn't the best S&amp;P 500 #stock this year. 

$AAPL

https://t.co/7…",1207405115591671808,
"RT @IBD_ECarson: Stock market still seeking direction, but reveals true leaders https://t.co/CHjF4kaNV6 #Apple $AAPL $AMD $GOOGL $MSFT $TGT…",1204575446349815809,
"RT @IBD_ECarson: Market rally awaits big Trump decision on China trade war 
https://t.co/CBEC0Bezew #Apple #AMD $AAPL $AMD $BABA $ASML $DDO…",1203825629235470336,
"Stocks fall on trade fears: Trade Desk dives, but Apple, DexCom, leaders hold up $TTD $AAPL $DXCM Sponsored by Interactive Brokers. @IBKR https://t.co/yV56Zryn4i",1201606947524317185,
"RT @IBD_ECarson: Apple hits a profit-taking zone. Do you sell or hold $AAPL? Even if you believe the Apple ""story,"" don't forget this key l…",1201303550812413954,
"RT @IBD_ECarson: Five stocks making big news late: Nvidia, Applied Materials, RH, Amarin and Apple.  #IBDLive will discuss several Friday m…",1195130449498116096,
"Are Apple, Stocks 'A Random Walk'? No; Anyone Can Time The Stock Market Bottom https://t.co/rYNywTHoWe https://t.co/YfR7qBBSb8",1194609114522931200,
$GRMN making a very bullish gap. Doing well despite competition from Fitbit and Apple Watch. @IBD_Irusha breaks it down and shows investors how to identify institutional ownership. #IBDLive,1193903845979484166,
Looking For The Next Apple Or Amazon? These Lists Outperform The S&amp;P 500 https://t.co/TZs3xKrxU5 https://t.co/mJEGqU2T56,1190078019303440384,
RT @IBD_ECarson: Apple rises on earnings; Facebook signals buying opportunity https://t.co/PMuz53HJ9G $AAPL $FB $TWLO $OLED $SBUX https://t…,1189735333103054848,
"Apple, Facebook Earnings, Fed Rate Cut On Tap: Investing Action Plan https://t.co/QMfALRmPnH",1189272197396946945,
"RT @IBD_ECarson: Apple, Stock Market Rally Face Final Test: Futures https://t.co/jxV3JR8rru $AAPL $MSFT $AMZN $GOOGL $TIF https://t.co/m7Ie…",1188649670735781889,
"Apple, Facebook, Alphabet, Exxon, Fed Meeting Lead Investing Action Plan https://t.co/y4GqVurNIr",1187790687032373248,
"How To Trade Top Stocks: Why Apple, Nvidia Breakouts Still Worked Despite 'Light Volume' https://t.co/PZp9RSbBDQ https://t.co/XR8sQRF0A6",1187385018718375936,
"“Life is fragile. We’re not guaranteed a tomorrow so give it everything you’ve got.” - Tim Cooke, CEO of Apple",1186281407854694406,
"With a bevy of new streaming services that are set to launch from Disney, Apple, AT&amp;T and others, can $NFLX weather the onslaught of new streaming services and win the streaming war?",1182357674018521090,
RT @IBD_ECarson: Stock market awaits most important jobs report in years; Apple reclaims buy point https://t.co/1uVKmeGMwY $AAPL $COST $HPQ…,1180078512436367367,
"RT @IBD_ECarson: Dow breaks key support, Apple tests buy point. Is this the last stand for the stock market rally? https://t.co/2tMbxsKKZI…",1179391002223824898,
"Stocks rise on China news: Apple, Trex top buy points, New Oriental Education pops $AAPL $TREX $EDU Sponsored by Interactive Brokers @ibkr https://t.co/G67h1qvt6i",1178761388396728320,
RT @IBD_ECarson: After Hours: These 5 Stocks Are Moving On News https://t.co/TGR4cGU1gB #apple $AAPL $MSFT $MLHR $T $X $FB https://t.co/hsa…,1174493062338400257,
"What effect will #Apple’s groundbreaking new technologies over the next few years have on its bottom line? Daniel Flax of @NeubergerBerman shares his insights. Head to https://t.co/mGjZoNKG2f for more!
$AAPL https://t.co/s3VNJRed2B",1174432966912573440,
"RT @IBD_ECarson: Trump delays China tariff hikes by two weeks in 'gesture of good will'; Dow futures, Apple, other China-tied stocks rally…",1171941089219108864,
"RT @IBD_ECarson: Apple has gradually outperformed the broader market in 2019, but it had lagged the big winners. Well, those big winners ar…",1171630661087760384,
"Nasdaq tests 50-day: Apple news slams rivals, Shopify dives, Ally is a buy $AAPL $ROKU $SHOP $ALLY Sponsored by Interactive Brokers @ibkr https://t.co/MqIiZ0XJ7o",1171513565854879744,
Q: What's everyone's thoughts on #AppleEvent?,1171512757767663616,
Nasdaq falls as software dives; Apple near buy point ahead of iPhone event $AAPL $AYX $OLED $LSCC Sponsored by Interactive Brokers @ibkr https://t.co/F0qf7y5rTS,1171151173920808965,
Apple Stock Eyes Breakout As New iPhone Awaits: Investing Action Plan https://t.co/ExTXXC2Qkf,1171102727134302209,
"RT @IBD_ECarson: Five Dow Stocks Are Near Buy Points, But Which Are Real Leaders?  https://t.co/MTdxy9t0AU $AAPL $MSFT $V $VZ $NKE #Apple h…",1170864838874152960,
"Apple's New iPhone Due As Broadcom, Zscaler, RH Report: Investing Action Plan https://t.co/tZNDtCGvjH",1170026384938303488,
"How To Trade Top Stocks: Why Apple, Nvidia Breakouts Still Worked Despite 'Light Volume' https://t.co/r42a2oCXPp https://t.co/OXSBBc4sMt",1169424670409416706,
"Are Apple, Stocks 'A Random Walk'? No; Anyone Can Time The Stock Market Bottom https://t.co/G5fV4sahkg https://t.co/PYmJvKJTwu",1167251727461937153,
Why Apple Leads 4 Top Stocks On StockTwits Co-Founder's Radar https://t.co/0j5rwKhUrs https://t.co/0JQ7AYECWX,1167166053702455298,
"What Do Apple, Under Armour, Other Top Growth Stocks Have In Common? A Bottoming Base https://t.co/OzlUDrL3Rr https://t.co/UhDSUYAos0",1161655741951827968,
"This Is How To Overcome Trading Mistakes With Big Winners Like Apple, Netflix https://t.co/gzMJ3XKd5S https://t.co/8lLfq9oByL",1159595783236096000,
Apple And Growth Stocks: Why Most Penny Stocks Fail To Make Investors Rich https://t.co/L2BxI1gKFv https://t.co/a3LBP2jm2E,1159541048428785664,
"Trump tariffs slam stocks: Apple, Best Buy below buy points; NeoGenomics breaks out $AAPL $BBY $NEO Sponsored by Interactive Brokers https://t.co/841NijRDbF",1157018897448493057,
"Stocks sell off as Fed doesn’t signal more cuts: Apple breakout fizzles, L3 Harris soars, AMD dives $AAPL $LHX $AMD Sponsored by Interactive Brokers https://t.co/952vhXeVIP",1156655902532837376,
RT @IBD_ECarson: Apple Breaks Out; Will It Bring The Whole Stock Market Along? https://t.co/gbi1BgAcL9 $AAPL $AMD $PAYC $AKAM $ZEN https://…,1156391527704342528,
RT @IBD_ECarson: Dow Jones Futures: Beyond Meat Leads 5 Key Movers Late; Apple Earnings Loom https://t.co/e2QYwb2BCC $BYND $AAPL $CHGG $RNG…,1156027037640826886,
Apple Earnings Due As Stock Nears Buy Point: Investing Action Plan https://t.co/tAOroo6HLg,1155868364352319489,
"RT @IBD_ECarson: Apple and Beyond Meat are in different investing food groups, but here's why you should be wary of both. https://t.co/WHE0…",1155508675034984449,
"Fed Meeting Looms Over Apple, Beyond Meat Earnings: Investing Action Plan https://t.co/IMA2t4a6CL",1154814923546906624,
"How To Trade Top Stocks: Why Apple, Nvidia Breakouts Still Worked Despite 'Light Volume' https://t.co/2fUQDTUYGc https://t.co/IdRI2ExkRY",1152249771244920832,
"Did You Miss Apple's 9,900% Run? How To Get Rich By Avoiding These Mental Mistakes https://t.co/BU9UBBMVIZ",1146496727127474176,
"Did you miss out on the big run in #Apple stock going back more than a decade? On this week’s podcast, we tackle FOMO and other mental mistakes – there are easy fixes! Episode drops Wednesday at https://t.co/nbkaKJjFS6 https://t.co/cXdnldDCfR",1146214710192287746,
"RT @IBD_ECarson: Trump-Xi Meeting Winners: Apple, Chips And The Stock Market Rally https://t.co/VE1tLx47TF $AAPL $QCOM $INTC $MU XLNX $AVGO…",1145131345699659787,
"RT @IBD_ECarson: Apple, JPMorgan Lead 5 Dow Stocks Moving Late On News https://t.co/5yhJjqtnFc $aapl $ba $nke $jpm $gs https://t.co/jkD8mbn…",1144443459882893312,
"What Do Apple, Under Armour, Other Top Growth Stocks Have In Common? A Bottoming Base https://t.co/oBx4soavpU https://t.co/UKXWNlpsPX",1143051781842190336,
"RT @natebecker: Apple just announced it's buying Intel's smartphone modem business for $1 billion. If you're a WSJ subscriber, you knew it…",1154600004918685698,
RT @danacimilluca: Apple buying Intel’s modem-chip business would be good for both—and bad for Qualcomm   https://t.co/pDzwGD2wxt via @WSJ…,1153728165984030721,
RT @danacimilluca: Apple gets ready to dial up Intel's 5G modem biz. Scoop with @cararlombardo &amp; @trippmickle https://t.co/5kM60d7TKa,1153416040694652928,
"RT @CaraRLombardo: .@wsj scoop: Intel has bankers exploring options for its modem chip business, including a possible sale to Apple or some…",1121845421620506625,
"RT @DanaMattioli: Keurig is acquiring Dr Pepper Snapple, bringing  7UP, A&amp;W &amp; Keurig pods under one roof https://t.co/z6jAmXqVuN",958034388339580928,
"RT @DaveCBenoit: Apple faces activist investor pressure over concerns about child iPhone addiction, upping social debate to a business ques…",950243204355403776,
"RT @DanaMattioli: Bain consortium including Apple, Seagate &amp; Dell signs letter of intent to buy Toshiba's chip business $18B+ https://t.co/…",907970019832877057,
"RT @DanaMattioli: Scoop: a consortium led by Bain, Apple &amp; others has reached a memorandum of undertstanding to buy Toshiba's chip biz for…",907829133312487425,
"RT @DaveCBenoit: Einhorn pressing GM over stock price. Reminiscent of Apple plan, he's calling for 2 classes of stock: One for dividend, on…",846729858944323589,
"RT @trippmickle: Apple has held discussions about investing in Softbank's $100 billion technology fund, reports @lizrhoffman: https://t.co/…",808382546526474240,
"RT @lizrhoffman: Icahn missed out on $1bn in Dell bounty. (In fairness he pivoted to Apple, which was a $2b winner) https://t.co/zqp6xr4CWF…",738110123999105024,
Apple Buys GPS Firm Coherent Navigation http://t.co/uxZ6CHtIgP $AAPL,600136371488034816,
RT @gerardtbaker: A fine Journal scoop is among the first things I see on my #applewatch today http://t.co/lAdmYEFVRK http://t.co/tBJTP0q7MG,596431488834469888,
RT @markscheffler: Apple of my Ire: Tech company boosts mall traffic but can lead to higher rents for retailers. http://t.co/oVgorVcGEo htt…,575421184625504256,
RT @DanaMattioli: Last year's meat merger mania continues. Applegate Farms Is Pursuing a Sale http://t.co/v837jXrarQ http://t.co/Iz8h4nwK3v,563736726666248192,
