"Tesla revealed in a new SEC filing some of the ways that it works with SpaceX, included the purchase of $600,000 of Tesla car parts by SpaceX in Q1 of 2020. https://t.co/Cvprqa2Ov8",1256754650352623616,
Tesla CEO Elon Musk's coronavirus rant highlights one of many hurdles automakers face reopening plants https://t.co/cnLLoeXhYf,1256584983180869632,
"“This is fascist.” Elon Musk lashed out against stay-at-home orders on Tesla’s earnings call, calling the orders “forcibly imprisoning people in their homes.” https://t.co/EMcewq0qfq https://t.co/e5hBdi75be",1256570384469630976,
Tesla tells furloughed workers to expect a week or more of unemployment https://t.co/TVTwIlxYS8,1256407062793326598,
Tesla CEO Elon Musk lashed out at stay-at-home orders as “fascist” in an expletive-laced rant on Tesla’s earnings call. https://t.co/yicbfkseio,1256397994309693442,
RT @CNBCFastMoney: Tesla shares hitting the skids after Elon Musk's now-infamous tweet that the stock price is too high. Here's what $TSLA…,1256362590760054785,
"RT @OptionsAction: Tesla CEO Elon Musk continues his tweetstorm, replying to a viewer that he is ""optimistic"" about $TSLA long term despite…",1256360711397281798,
Here are some comments Elon Musk has made in the past about Tesla's stock. https://t.co/maQwA87e0w https://t.co/b3iDwovSb7,1256297082090110976,
"RT @YunLi626: When Elon Musk gets negative on Tesla’s stock, maybe you should too?

Here’s a look at how the stock fared in the months foll…",1256293477765308416,
"New for subscribers:  History shows when Elon Musk gets negative on Tesla's stock, you should too https://t.co/bLi5v3mbk6 Check out @CNBCPro for a free trial.",1256291616756772867,
"Stocks making the biggest moves midday: Tesla, Amazon, Clorox &amp; more https://t.co/aF9aHQU53K",1256271604159524864,
Elon Musk has had problems in the past with the SEC for tweeting about Tesla's stock. https://t.co/ys5YwGbLER,1256269309128642562,
"Tesla CEO Elon Musk says stock price is 'too high,' shares fall https://t.co/sgMddCWlTa",1256241585425088512,
Coronavirus could help Tesla retain EV lead as traditional automakers pare back electric investments https://t.co/uPYIY1Cx0T,1256202415466065922,
"“This is fascist.” Elon Musk lashed out against stay-at-home orders on Tesla’s earnings call, calling the orders “forcibly imprisoning people in their homes.” https://t.co/EMcewq0qfq https://t.co/5nA7pPLxAs",1256101545097211904,
"Elon Musk blasted stay-at-home orders, which he called “forcibly imprisoning people in their homes,” in an expletive-laced rant on Tesla’s earnings call. https://t.co/EMcewq0qfq https://t.co/hqqhY6uPoB",1256044922001555459,
"“This is fascist.” Elon Musk lashed out against stay-at-home orders on Tesla’s earnings call, calling the orders “forcibly imprisoning people in their homes.” https://t.co/EMcewq0qfq https://t.co/YP3fGDac0x",1255924262260654080,
Tesla CEO Elon Musk lashed out at stay-at-home orders as “fascist” in an expletive-laced rant on Tesla’s earnings call. https://t.co/LQPsuD8fij,1255921731371491333,
"Stocks making the biggest moves midday: Tesla, Facebook, Dunkin' Brands, Boeing, Moderna &amp; more https://t.co/35nxW3C9ET",1255899801964724224,
"Elon Musk blasted stay-at-home orders, which he called “forcibly imprisoning people in their homes,” in an expletive-laced rant on Tesla’s earnings call. https://t.co/EMcewq0qfq https://t.co/dTgJfzyUSX",1255836374688845828,
Elon Musk lashed out at government stay-at-home orders as “fascist” in an expletive-laced rant on Tesla’s earnings call.. https://t.co/Tr5dFakxlw,1255816999495704577,
Elon Musk says orders to stay home are 'fascist' in expletive-laced rant during Tesla earnings call. https://t.co/EMcewq0qfq,1255649733521092608,
"RT @CNBCFastMoney: Vroom, vroom -- Tesla is racing higher on earnings. Our traders weigh in on whether it can pick up speed from here $TSLA…",1255641637352607744,
RT @CNBCFastMoney: Is Tesla's next stop the S&amp;P 500? @LoupVentures' Gene Munster on how this quarter put it on the road to membership $TSLA…,1255641585334857730,
Tesla delays Semi production and deliveries until 2021 https://t.co/ns7GPV1jpb,1255614028015116288,
Tesla rises as company ekes out a Q1 profit. https://t.co/QqIySqGyGE,1255595073615642626,
RT @CNBCnow: EARNINGS: Tesla Q1 EPS $1.24 Adj. vs. ($0.36) Est.; Q1 Revs. $5.99B vs. $5.90B Est. • $TSLA https://t.co/dd5R3CnyYI https://t.…,1255593183486128133,
Tesla stock ticks up as company ekes out profit. https://t.co/oViDFpaEZp,1255592101737357313,
Tesla reports Q1 earnings after the bell https://t.co/L9kCxpZdaq,1255580646740721664,
"For subscribers: Tesla is poised to beat earnings and possibly qualify for S&amp;P 500 inclusion, Barclays says https://t.co/gxS4aT6kxB Check out @CNBCPro for a free trial.",1255571244574965761,
Tesla board members must now rely on Elon Musk to pay legal expenses https://t.co/4XSgsnjk4M,1255495644594294786,
"Tesla revealed in a new SEC filing some of the ways that it works with SpaceX, included the purchase of $600,000 of Tesla car parts by SpaceX in Q1 of 2020. https://t.co/GRRprA0YKs",1255457884281937924,
"China's battered Tesla rival Nio brushes off coronavirus impact, says the worst is over https://t.co/QbrZsJgVAg",1255422357994438656,
Here's how Tesla and SpaceX worked with and paid each other in the past year https://t.co/MwqAa0t0UJ,1255232539083620356,
"New for subscribers:  Tesla is poised to beat earnings and possibly qualify for S&amp;P 500 inclusion, Barclays says https://t.co/hDCbXVKqcm Check out @CNBCPro for a free trial.",1255122748818575360,
RT @CNBCFastMoney: Tesla scraps its plans to bring workers back to its California factory. The traders debate what's next for the surging s…,1254912390300405762,
"Stocks making the biggest moves after hours: Keurig Dr Pepper, F5 Networks, Tesla and more https://t.co/TLcKrCTL1F",1254891622170611717,
RT @lorakolodny: An HR memo on Monday sent to the Tesla employees who were asked to come back from furlough to production lines this week s…,1254877083253301248,
Tesla cancels plans to bring workers back to U.S. car plant this week https://t.co/ojGhXufSZx,1254874070098874368,
Tesla asks dozens of employees to resume production at Fremont car plant before coronavirus health orders end https://t.co/atjW841SjV,1254554465388068866,
"Stocks making the biggest moves in the premarket: American Express, Verizon, Intel, Tesla &amp; more https://t.co/G8s5isYjq0",1253653810775498752,
"Investors pick Tesla over GM, Toyota to lead emerging auto tech post-coronavirus crisis https://t.co/8KLe1ik1Wr",1252989796596801538,
"RT @CNBCPro: Bank of America downgrades Tesla, citing too high valuation after stock’s recent massive run https://t.co/nT0kQPw1qq",1252943094787571715,
"New for subscribers:  Bank of America downgrades Tesla, citing too high valuation after stock's recent massive run https://t.co/JzCYWmRlup Check out @CNBCPro for a free trial.",1252934104003293184,
RT @CNBCFastMoney: Tesla trekking almost 32% higher this week as the bull-bear debate rages on. Is it the right stock for this environment?…,1251296980204236800,
Here's What Warren Buffett Thinks About @elonmusk And Tesla $BRK.A $BRK.B $TSLA  https://t.co/3oOnZb7A06,1256697471822188545,
"Elon Musk Says Tesla's Stock Price Is Too High, Tweets About Grimes, Freedom And Gene Wilder $TSLA https://t.co/hmscSub5Vn",1256400016220074004,
"Elon Musk Says Tesla's Stock Price Is Too High, Tweets About Freedom, Gene Wilder And More $TSLA https://t.co/An5ldc8bWt",1256260845140664320,
"Tesla Analysts Break Down Free Cash Flow, Fremont Shutdown, 2020 Expectations After Q1 Print $TSLA https://t.co/kSpo8lD0a5",1255909781514137600,
"'Impressive Performance In A Dark Environment,' Analysts React To Tesla's Q1 Results
$TSLA

https://t.co/qlbdYmC8ad",1255703784623427589,
"Tesla Reports Big Q1 Earnings Beat, Near-Term Profitability 'On Hold' $TSLA https://t.co/fOlTWY5EZS",1255597725065768960,
Hedge Fund Manager Makes Bold Tesla Prediction Ahead Of Earnings $TSLA https://t.co/YnxpDm87tB,1255554943450329089,
Tesla Q1 Earnings Preview: Analysts Convinced Of Long-Term Potential Ahead Of The Print $TSLA https://t.co/Zkolr7iVMG,1255274470220144645,
Tesla Vehicles Will Now Recognize Traffic Lights And Stop Signs With Updated Software $TSLA https://t.co/R9X3Fh7nAe,1255130899517071361,
"BofA Downgrades Tesla, Says Company 'Faces Several Hurdles' $TSLA https://t.co/O582z5kbgS",1252980479604559878,
Tesla's Stock Keeps Rising After Goldman Sachs Gives Shares $864 Price Target $TSLA https://t.co/LQW2KX9Xiu,1250223563543580673,
Here's How Long It Took Tesla To Reach A $100B Market Cap $TSLA https://t.co/qyaLmvHwil,1250216013842415621,
Why Tesla's Stock Traded 17% Higher On Monday $TSLA https://t.co/miKj8Kff2K,1250053821302218752,
Why Tesla Might Have The 'Competitive Advantage' Post-Pandemic $TSLA $F $GM https://t.co/o1v1L1L2bo,1249404417029345281,
Mike Khouw Sees Unusual Options Activity In Tesla $TSLA https://t.co/yMCuT8P9xr,1248989180547477509,
Why Tesla Might Have The 'Competitive Advantage' Post-Pandemic $F $GM $TSLA https://t.co/gXPwb2tMvd,1248604144849448961,
"'Fast Money' Traders Weigh In On AT&amp;T, Tesla And Twitter $T $TSLA $TWTR https://t.co/KyuRModD2O",1246467566274408448,
Tesla Analysts Dissect 'Surprisingly Strong' Q1 Deliveries Data $TSLA https://t.co/abDfKffr0q,1246090360088076289,
Tesla Trades Higher After Strong Q1 Delivery Figures $TSLA https://t.co/9SBxJAXnfa,1245810810057830409,
Tesla Is Still A 'Maximum Short' For Chanos $TSLA https://t.co/oSAnyN5mgn,1245799055478923266,
What Tesla Analysts Expect From This Week's Q1 Delivery Report $TSLA https://t.co/ZshWY8g4yI,1245081934071463936,
"Tesla, Wayfair And Other Profitable Short Trades Could Get A Short Covering Boost $TSLA $AAPL $CVNA $ERI $OXY $W $M https://t.co/KwDbE4M1Jh",1244342310483234823,
"Barron's Picks And Pans: Tech Picks, SoftBank, REITs, Tesla And More $MSFT $GILD $PFE $TSLA $BA $SPG $EQR $JWN https://t.co/1cAtnJ1eTC",1244270568091811841,
"RT @DugganSense: Tesla, Wayfair And Other Profitable Short Trades Could Get A Short Covering Boost $AAPL $CVNA $ERI https://t.co/Y2b2rAL4tt…",1242831167239467010,
"Tesla has begun the much-awaited deliveries of its new Model Y electric crossover.
$TSLA
Several buyers posted on Twitter, Facebook and elsewhere late last week that Tesla notified them their Model Y was out for delivery.
https://t.co/ts87IV2oyf",1239641443024752646,
Tesla Searches For New Gigafactory Sites In US $TSLA https://t.co/rQNSYpINLH,1237564296642482176,
"10 Most Profitable Shorts Since The Coronavirus Sell-Off Ramped Up: Tesla, Amazon And More $TSLA $AMZN $V $FB $CHTR $ERI $W $EXAS $Z $VMW https://t.co/bGekbwY2nT",1237173825642663936,
"Grimes Confirms Tesla's Elon Musk Is Father Of Her Child
$TSLA
https://t.co/UahTDP2Hvf",1235980117073068038,
"GM In Charged Up About Electric Vehicles, Makes Push To Challenge Tesla $GM $TSLA https://t.co/QL6e4Rhe6F",1235595933787680768,
"RT @shanthirex: $TSLA..

Tesla's Chinese misstep..

https://t.co/teWG2hYiKi",1235237336767700994,
"Barron's Picks And Pans: COVID-19 Stocks, Intel, Tesla And More $AAPL $AMZN $GILD $INTC $TSLA https://t.co/WyBzVlbv0i",1234267198346137600,
"Gene Munster On Apple's Future, Tesla's Valuation And The 2020 Election $AAPL $TSLA https://t.co/b48thUqjbW",1233814190038691843,
RT @GerberKawasaki: Got to give Elon credit. Brilliantly selling stock right before the correction. Getting the capital tesla needed at the…,1233806276934721537,
"Gene Munster On Apple's Future, Tesla's Valuation And The 2020 Election
$TSLA $AAPL
https://t.co/YicrxRrfyA",1233484948323127296,
"RT @Benzinga: Why Tesla CEO Elon Musk 'Clearly Understands The Wall Street Game'
$TSLA
https://t.co/LdFek5BmIf",1233090606903316480,
"Why Tesla CEO Elon Musk 'Clearly Understands The Wall Street Game'
$TSLA
https://t.co/LdFek5BmIf",1233090570907725826,
"Tesla Supplier $CATL Plans To Raise $2.85B To Expand Electric Battery Business $TSLA

https://t.co/eFF2TfmjZu",1233076015267827712,
"US Safety Board To Hold Meeting Later Today To Determine Cause Of Fatal 2017 Tesla Crash
$TSLA https://t.co/3IeBqvyASP",1232262336448258048,
"Tesla's Cybertruck Sets Internet Abuzz (Again) As Musk Reveals Features On Twitter
$TSLA $TSLAQ
https://t.co/gUXuqEAHed",1232175533263409152,
"A Smaller, Cheaper Cybertruck: Mattel Partners With Tesla To Make RC Toys $MAT $TSLA https://t.co/NbUe4JbTVK",1231594564600774657,
Consumer Reports Names Tesla Model 3 Top Electric Vehicle For 2020 $TSLA $HMC $TM $FUJHY https://t.co/Nb5WKo5KQ4,1231322773655576578,
"Piper Sandler's Alexander Potter raised the price target on Tesla from $729 to $928 per share, the highest among major Wall Street sell-side analysts, while reiterating an Overweight rating on the stock. $TSLA $TSLAQ
https://t.co/cRCJ9oNF6t",1230231882513735683,
Tesla Shares Cross $900 As Piper Sandler Raises Price Target To Street High $TSLA https://t.co/tp3h1TmioH,1230147319162638337,
"How Tesla Could Use Its $2B In Offering Cash: A Cybertruck Plant, China, Debt Payoff $TSLA https://t.co/N3rLgS4aQX",1229571230455521282,
"Benzinga's Bulls And Bears Of The Week: GM, Luckin, Slack, Tesla And More $GM $LK $LVS $WORK $TSLA https://t.co/UXlCffgikD",1229126596520554496,
"Gene Munster Defends Tesla Bulls, Roth Capital's Irwin Makes Bear Case $TSLA
https://t.co/RXhc78Mwor",1228379249402433536,
"RT @DugganSense: How Tesla Could Use Its $2B In Offering Cash: A Cybertruck Plant, China, Debt Payoff $TSLA https://t.co/uHHBqHzd9t via @be…",1228372006351097861,
RT @Tanzeel_Akhtar: #Tesla Prices 2.65M-Share Offering At $767 $ORCL $TSLA https://t.co/ybydnU9ty7 via @Benzinga,1228298310173253633,
'Dean Of Valuation' Says Tesla Still Has Long Way To Go To Justify Stock Price $TSLA https://t.co/a6unteAtn4,1228297209294327809,
#ICYMI Tesla's Unexpected Capital Raise Leads To Surprising Stock Surge $TSLA https://t.co/LQBBP4u7FH,1228296959733227520,
Tesla Says 'Public Health Epidemic Originating In China' A 'Risk Factor' For Its Business $TSLA $TSLAQ https://t.co/atSm8H5021,1228257463755034624,
"""Normally that would have sunk Tesla 50 points or 100 points. This is not normal anymore. This is about a company proving to people that they're going to accomplish their long-term goals, and the market likes it"" -@GerberKawasaki $TSLA $TSLAQ
https://t.co/IWm7YArAXR",1228049272077258759,
"Charlie Munger Talks About Chinese Companies, Poor Investment Choices, And Why He Would Never Buy Tesla Stock https://t.co/IhT7TlXO5q",1227978234823921665,
"RT @Tanzeel_Akhtar: #Tesla Announces $2B Offering, Musk To Buy $10M In Common Stock $ORCL $TSLA https://t.co/b7aGlWwv9H # via @benzinga",1227944865956335619,
"RT @Benzinga: Musk On Tesla Founder Martin Eberhard: 'He Is Literally The Worst Person I've Ever Worked With’
$TSLA
https://t.co/EIYFknnuDW",1227724612970127361,
"Musk On Tesla Founder Martin Eberhard: 'He Is Literally The Worst Person I've Ever Worked With’
$TSLA
https://t.co/EIYFknnuDW",1227682943331635201,
"Waiting On The Tesla Semi
$TSLA $TSLAQ #BZPartner https://t.co/rIaY0xWSdF",1227252487108939776,
RT @DugganSense: What Tesla Investors Can Learn From Where GM Was 100 Years Ago $DD $GM $TSLA https://t.co/0Oc3e65Pm2 via @benzinga,1226945590321348610,
What Tesla Investors Can Learn From Where GM Was 100 Years Ago $GM $TSLA https://t.co/CTT5qbfMsE,1226672127144644609,
"Barron's Picks And Pans: GM, Kraft Heinz, Tesla, Under Armour And More $UAA $KHC $CVX $GM $TSLA $MRK $CSCO $FCFS https://t.co/R4VpOkBFVz",1226287090213609473,
What Tesla Investors Can Learn From Where GM Was 100 Years Ago $GM $TSLA https://t.co/GnHgDTSFod,1226196493960278016,
Teslamania Runs Wild! Now What? $TSLA https://t.co/4VknnF8PZF,1226152380565278721,
RT @DugganSense: Teslamania Runs Wild! Now What? $TSLA https://t.co/Xb526J1mHL via @benzinga,1225778449765236737,
"#ICYMI: Teslamania Runs Wild! Now What @elonmusk? $TSLA
https://t.co/Gy3tVRuna9",1225569867337588736,
"Teslamania Runs Wild! Now What?
$TSLA $TSLAQ
https://t.co/Gy3tVRcMiB",1225511478628888576,
"Cramer Says Tesla's Stock Will Eventually Rise Above $968
$TSLA @jimcramer
https://t.co/fyyz89UCe7",1225494917843210243,
6 Potential M&amp;A Targets For Tesla $TSLA https://t.co/ZFmsqksakK,1225238933765836800,
Tesla Analyst Lays Out The Case For An Equity Offering $TSLA https://t.co/TceVwVKig3,1225100240593833984,
Elon Musk Offers Short Sellers An Overlooked Argument Against Tesla $F $GM $TSLA https://t.co/CrXt6K7qDI,1225051448230191105,
"RT @DugganSense: Citron Shorts Tesla, Again: 'Even Elon Would Short The Stock Here' $TSLA https://t.co/ljz3p6Tg4L via @benzinga",1224860935673798656,
How @kevinolearytv Came To Love Tesla's Stock $TSLA https://t.co/2TaZYF77VE,1224826214147416065,
"Citron Shorts Tesla, Again: 'Even Elon Would Short The Stock Here'
$TSLA https://t.co/tfyuMnVCUO",1224738133582835713,
"Fund Manager's Bullish Tesla Options Bet Nets 6,000% Return $TSLA https://t.co/eHd6Zob5go",1224417269356343297,
"Bulls And Bears Of The Week: Amazon, Tesla, GE And More $AMGN $AMZN $BYND $TSLA $GE https://t.co/3Xn3I0dp79",1223984645043298304,
"Here's How Tesla Shares Will Hit $7,000 By 2024, According To @ARKInvest $TSLA https://t.co/uV6sVIofg2",1223629578880548865,
"Too Much Skepticism? Tesla's Scale, Ambition Hurts Bears After Another Big Quarter $TSLA https://t.co/ekcrwXHwlT",1222864632068657152,
"Tesla Charges Ahead With Q4 Earnings Beat; Deliveries Should 'Comfortably' Exceed 500K Units
$TSLA
https://t.co/i3aGaBkR7O",1222638723017428999,
"$TSLA: Deliveries
Tesla Reports Q4 Vehicle Deliveries 112,095
Tesla Q4 Model 3 Deliveries 92,620 Up 46% YoY, Model S/X Deliveries 19,475 Down 29% YoY
Tesla Says Production Ramp Of Model Y In Fremont Has Begun Ahead Of Schedule",1222631256850096128,
"Earnings: $TSLA
Tesla Q4 Adj. EPS $2.14 Beats $1.72 Estimate, Sales $7.38B Beat $7.02B Estimate https://t.co/WqLFZQkmus",1222630518971359232,
"#ICYMI: This Might Be The Best Song Ever Written About A Tesla
$TSLA
From @yunggravy and @bbnomula @elonmusk
https://t.co/aM9jzc0cop",1222617912911024128,
"This Might Be The Best Song Ever Written About A Tesla $TSLA
From @yunggravy and @bbnomula @elonmusk
https://t.co/aM9jzc0cop",1222583993314529280,
Tesla Q4 Earnings Preview: Can The Good News Keep Coming? $TSLA https://t.co/eoT1DhZrCO,1222308202169143298,
"CFRA Analyst To Tesla Investors: Sell Your Stock
$TSLA
https://t.co/srr8uhvIBG",1220803017622069253,
Ralph Nader Says Tesla Is The Reason The 'Stock Market Bubble Implodes' $BA $TSLA https://t.co/s2EXvdUArv,1220451372816130051,
"Elon Musk's Big Day: Trump Compares CEO To Thomas Edison As Tesla's Stock Sets Milestone
$TSLA @elonmusk
https://t.co/RfhQWDld0s",1220039412916129793,
"Tesla Hits $100B Market Cap, @GerberKawasaki Says Stock Is 'Correctly Valued Now' $F $GM $TSLA https://t.co/9AWi5yscU6",1219974243183558658,
Ex-Ford CEO Mark Fields Talks About Tesla Building An 'Iconic Brand' $F $TSLA https://t.co/bngI1O6qwH,1219745234193543169,
"Elon Musk Talks Tesla In China, Explains SpaceX And PayPal Launches In New Podcast $PYPL $TSLA https://t.co/1bu9z9FhBY",1219685832212336641,
Tesla $93B Valuation: Does A Great Product Equate To A Great Stock? $AAPL $GPRO $TSLA https://t.co/ToAG8sj0x2,1219355163967623168,
"Barron's Picks And Pans: Apple, Boeing, Disney, Tesla And More $AAPL $BA $BBBY $DIS $TSLA https://t.co/kju1J1VUzK",1219053755154477056,
"Bulls And Bears Of The Week: IBM, Microsoft, Tesla And More $BYND $IBM $MSFT $TSLA https://t.co/3nglVAatws",1219030530336927744,
"Morgan Stanley Downgrades Tesla On Risk, Valuation Following Massive Stock Run $TSLA https://t.co/qu3UCLKCpJ",1217815015467687937,
RT @DugganSense: Tesla Shorts Vs. Beyond Meat Shorts: Who's Getting Squeezed Harder? $BYND $TSLA https://t.co/uzsdGk06KY via @benzinga,1217208264779235330,
Tesla Shorts Vs. Beyond Meat Shorts: Who's Getting Squeezed Harder? $BYND $TSLA https://t.co/DDQPnXUf69,1217117922516029440,
3 ETFs With Meaningful Tesla Exposure $ARKK $ARKQ $SMOG $TSLA https://t.co/AH7RunZ9Al,1217062557552467969,
"Tesla Gets New Street-High Price Target, Stock Breaks $500 $TSLA https://t.co/V6KINvY61V",1216788321101402112,
Here's How Much Investing $100 In Tesla Stock Back In 2010 Would Be Worth Today $TSLA https://t.co/4lfctZRFQk,1215653271316115457,
Should Nio Be Worried About Tesla's Model 3 Order Overflows In China? $NIO $TSLA https://t.co/nRTRVxJTjJ,1215396580083167232,
RT @Tanzeel_Akhtar: Could #Tesla $TSLA CEO Elon Musk’s recent jovial mood and dancing be due to his long-term girlfriend Grimes being pregn…,1215291505214181376,
"RT @shanthirex: $NIO $TSLA

Tesla Goes Offensive In China. What That Means For Nio..

https://t.co/wgEc33Dxnu",1215291399429656576,
"Tesla, Musk Approach Historic Milestones As Automaker's Stock Rally Continues $F $GM $TSLA https://t.co/ZmRNSyC0uS",1215021608865124352,
3 Tesla Pros On The Automaker's China Milestone $TSLA https://t.co/C3bwC6NrZe,1214717102394728448,
RT @DugganSense: Tesla Shorts Are Still Holding On (For Now) $TSLA $XLK https://t.co/LTRtUcYX15 via @benzinga,1213203668880777217,
Canaccord Lifts Tesla Price Target Above $500 Amid International Opportunity $TSLA https://t.co/BR66kLda9B,1212859864503898112,
"Cowen Still Bearish On Tesla, Says Chinese And Dutch Help Isn't Enough $TSLA https://t.co/WuDZf4hYyI",1211654538178039811,
Tesla Begins Delivery Of First China-Made Model $DMLRY $TM $TSLA https://t.co/ApQzTNTDSD,1211646872101634053,
"Bulls And Bears Of The Week: Amazon, Apple, Boeing, Netflix, Tesla And More $AAPL $ACB $AMRN $BA $NFLX $TSLA  https://t.co/gZkMBj7FzD",1211286823256952832,
Tesla Gets $1.6B Loan From Chinese Banks For Shanghai Gigafactory $TSLA https://t.co/ZONvMXx3fD https://t.co/WSkOdyhKpN,1210977622513082374,
Citron Research Says Tesla Shares Are Doing 'Too Much Too Fast' $TSLA https://t.co/KhuXtQasNz,1210636525471518720,
"RT @DugganSense: Gene Munster Talks Tesla's Opportunity, Apple's Valuation, Netflix's Headwinds $AAPL $AMZN $FB https://t.co/WEz4PJ9AD2 via…",1210630974612094977,
Tesla To Start Delivering Its First China-Made Models On Monday $PCRFY $TSLA https://t.co/gECXmQkeVQ,1210576108573335556,
Tesla Gets $1.6B Loan From Chinese Banks For Shanghai Gigafactory $TSLA https://t.co/DlXSZ4x6Zr,1210573371337007107,
"Gene Munster Talks Tesla's Opportunity, Apple's Valuation, Netflix's Headwinds $AAPL $AMZN $FB $NFLX $TSLA  https://t.co/YkZBHj7YhU",1210291263045545984,
"Morgan Stanley Says Tesla Faces Strong Competition From Rivian, Others $TSLA  https://t.co/X7TyVFavwh",1210251809303998464,
"Morgan Stanley On Tesla Hitting $420: 'Fundamentally Overvalued, Strategically Undervalued' $F $GM $TSLA https://t.co/lQIRpBRk6K",1209507776990498821,
Tesla's Stock Hits Musk's Infamous $420 Level $TSLA https://t.co/7eG7ocmgc0 https://t.co/vtSKULmoHL,1209143582814285828,
A Tesla Short Squeeze Years In The Making May Have Finally Arrived $TSLA https://t.co/A4uEzZOTVk,1208901280724398082,
We Tested Your Tesla Knowledge. Here Are The Results. $F $GM $TSLA https://t.co/XV0xByWoTm,1208478495120248832,
A Tesla Short Squeeze Years In The Making May Have Finally Arrived $TSLA https://t.co/3J6qyf5vvc,1208103523919024128,
Tesla's Stock Crosses $400 Per Share For the First Time $TSLA https://t.co/Re9XNu7QgJ,1207710937035100160,
Tesla Building 'Canopy Covers' To Hide Its Solar Test Houses $TSLA https://t.co/qvMXmzEk5W https://t.co/g9ciynnWRh,1207706534748315648,
"#ICYMI: Here's What Helped Boost Tesla Stock To A New All-Time High $TSLA
Also: Take our Tesla quiz, see if you know more than @elonmusk
https://t.co/I2Ld97e0dy",1207616568441659392,
"Here's What Helped Boost Tesla Stock To A New All-Time High
$TSLA
https://t.co/I2Ld97e0dy",1207422053315428353,
"Bulls And Bears Of The Week: Disney, Macy's, Netflix, Tesla And More $AMD $DIS $DOW $M $NFLX $TSLA https://t.co/UWtbhMVbm2",1205956974703239168,
"These Pros Agree: Owning Tesla Stock Requires Confidence In Long-Term Goals
$TSLA
https://t.co/OynsqNsy7N",1204129817530175488,
"Bulls And Bears Of The Week: Facebook, Intel, Netflix, Tesla And More $AMZN $BIIB $FB $TSLA $INTC $LULU $NFLX $WLL $ROKU $GE https://t.co/sU6NMSxBnn",1203690699150909442,
Tesla Model 3s Can Earn Subsidies In China $TSLA https://t.co/2NEQsQ2YVs https://t.co/h0mSWcpvuK,1203369741135601666,
"Morgan Stanley Raises Tesla's Stock Bull Case On China, Cybertruck Opportunities $TSLA https://t.co/T69aoZLRmg",1203125724019773440,
"Can Tesla's Stock Continue Revving After 50% Rally? $TSLA
https://t.co/GIPMVi8YuD",1201915247910621185,
".@elonmusk And @neiltyson Talk Physics Of Tesla Cybertruck, Ford F-150 $F $TSLA https://t.co/DAEgsJ2U6p",1199330717882372097,
"Tesla's Cybertruck Reaches 200,000 Preorders $TSLA https://t.co/jpA3a4kqmt",1198933964561485824,
"Electric Trucks: What Tesla, Rivian, The Big 3 Are Bringing To Market $AMZN $F $FCAU $GM $TSLA https://t.co/RIGsQD4fwW",1198599691409248257,
"Electric Trucks: What Tesla, Rivian, The Big 3 Are Bringing To Market
$TSLA $GM $WKHS
https://t.co/heopJ9PEvT",1198010101275283457,
"Did Tesla Fail On Purpose?
$TSLA
https://t.co/AKLdY6chGs",1197970655314153474,
Mixed Reactions To Tesla's #Cybertruck: Is Futuristic Design A Sales Driver Or Just Weird? $TSLA https://t.co/ZhrKNWZWjS,1197926465452617730,
Why Tesla's Cracked Cybertruck Window May Have Been A Shrewd Marketing Move $TSLA https://t.co/MJ3gMEioGf,1197912685322657792,
"#ICYMI: Tesla Unveils 'Bulletproof' Cybertruck With 'Unbreakable Glass’
$TSLA
https://t.co/0ecdOd14dQ",1197847192985190400,
"Tesla Unveils 'Bulletproof' Cybertruck With 'Unbreakable Glass'
$TSLA $F
https://t.co/0ecdOdiFCq",1197743042033324033,
What Tesla Analysts Are Saying Ahead Of Tonight's 'Cybertruck' Event $F $GM $TSLA https://t.co/aZP3sbQPAY,1197609375386525696,
What To Expect From Tesla's 'Cybertruck' Event Tonight $F $GM $TSLA https://t.co/liNDkalqsk,1197533877708804096,
What Tesla Analysts Are Saying Ahead Of Thursday's 'Cybertruck' Event $F $GM $TSLA https://t.co/Vg0Vfa0YEm,1197307385330708483,
"Barron's Picks And Pans: Medtronic, Tesla, Walmart And More $TSLA $WMT $MDT $GRUB $AAPL $BR $GOOGL $HD $M https://t.co/ujPzVLk1Zx",1196164857042743296,
"#ICYMI: Tesla's Chinese Competitor Raises $400M
https://t.co/OUgNV7k8UA",1194685822395703296,
"Morgan Stanley: Tesla China Margins Could Exceed 30%
$TSLA
https://t.co/ZtruZHaTHH",1194676775328071690,
Tesla To Open A 'Gigafactory' In Berlin $TSLA https://t.co/V4Bbxe0k0O,1194528123443990534,
"Is Tesla's 40% Run Just The Beginning?
$TSLA
https://t.co/w4uJIhWtJC",1194369347839545348,
Jefferies Raises Tesla Price Target To $400: 'A Better Foundation' $TSLA https://t.co/fNZdbzowag,1193987264579350529,
Musk Vs. Einhorn: Tesla CEO Offers Hedge Fund Manager A Pair Of Short Shorts $TSLA https://t.co/DiPvjFjZS5,1193654991778713601,
"3 Reasons Why Tesla Will Hit $6,000, According To Ark Invest's Catherine Wood $TSLA  https://t.co/3XDTYGa55y",1193589095999692801,
"Bulls And Bears Of The Week: Roku, Tesla, Twitter, Uber And More $ATVI $AZN $MNST $TWTR $TSLA $UBER $ROKU  https://t.co/pYObjQAvGt",1193284499364368386,
"Bulls And Bears Of The Week: Roku, Tesla, Twitter, Uber And More $ATVI $AZN $MNST $TWTR $TSLA $UBER $ROKU  https://t.co/pYObjQAvGt",1193284499364368386,
Musk Vs. Einhorn: Tesla CEO Offers Hedge Fund Manager A Pair Of Short Shorts $TSLA https://t.co/fjLG0Nmstv,1192898333112750080,
"#ICYMI: 3 Reasons Why Tesla Will Hit $6,000, According To Ark Invest's Catherine Wood
$TSLA
https://t.co/3XDTYGa55y",1192858113738719232,
"3 Reasons Why Tesla Will Hit $6,000, According To @ARKInvest's Catherine Wood $TSLA https://t.co/498tUarAFi",1192542236724146191,
"Tesla Q1 Earnings Results: 
 
- Adj EPS: $1.24 vs -$2.90 Year On Year 
- Revenue: $5.99B vs $5.81B est. 
 
$TSLA first move higher. https://t.co/Gq0b0yGKeQ",1255593457189560320,
"Tesla’s Heating Up Again 
 
$TSLA https://t.co/e4Yf72KmH4 https://t.co/HAGI4fL8TD",1254890814720917504,
"RT @Trade_The_News: $TSLA To recall 15K Model X SUVs in North America due to power steering issues - press (Tesla Inc)
(More at https://t.c…",1227706736154423296,
"RT @KimbleCharting: Is Tesla completing an ""Eiffel Tower"" topping pattern, while kissing the underside of resistance and the 261% extension…",1225079943186604035,
RT @michaelbatnick: Tesla’s market cap just passed the entire Roman Empire,1222711247206076419,
RT @elonmusk: A friend just sent me this excerpt from a Tesla blog I wrote 14 years ago https://t.co/Hr8w52ithY,1222604962468855808,
"Tesla Slams Acceleration Petition Brought by ‘Short Seller’

https://t.co/SHDONF2cDS",1219603522494386178,
"Tesla Plans To Open China Design and Research Center

$TSLA
https://t.co/UUSWUUbubN",1217789471242047494,
"RT @EddyElfenbein: In seven months, Tesla has nearly tripled. https://t.co/Qs8w2CVdoj",1216778120616988672,
"RT @charliebilello: Tesla

Revenue ($Bn)
'19: 24
18: 21
17: 12
16: 7.0
15: 4.0
14: 3.2
13: 2.0
12: 0.4
11: 0.2
10: 0.1

Income ($Bn)
19: -1…",1214208066322755587,
"RT @business: The Tesla #cybertruck glass shattered not once, but twice https://t.co/XA8vEyxb0T https://t.co/lM1shIA5qa",1197847015767580673,
"Tesla $TSLA is down almost 15% today. It's trading near $225 per share after yesterday's earnings. 
 
Last month, it traded as low as $170 and it's so far been a rough year for Tesla. https://t.co/I90p2v4CvI https://t.co/70QWm6GvR7",1154389926768758786,
Tesla $TSLA is now down 8%! https://t.co/GY6NkdwcPa,1154132151320883200,
Tesla $TSLA is down 5% AFTER earnings. And it just traded below $250 per share. https://t.co/I90p2v4CvI,1154131870910767104,
"Tesla $TSLA  misses on EPS and revenue. 
 
https://t.co/H5rjfBWCWv",1154131636243652608,
"225,000 people have added Tesla $TSLA to their watchlist on Stocktwits. 
 
225k. 
 
This is going to be wild. You know where to watch every reaction, meme, and GIF: https://t.co/I90p2v4CvI",1154088802018824192,
"Tesla $TSLA reports earnings tomorrow and it’s approaching the ultimate “when support becomes resistance” level.  
 
https://t.co/MiOr5R17ks",1153697929481412609,
"Over the last 5 years, Tesla $TSLA is up 3%. 
 
Over the last 9 years, Tesla $TSLA is up more than 1000%. 
 
Timeframe matters. https://t.co/uPqIiCzxDm",1147866274510319617,
"If you missed it, Tesla $TSLA is popping right now. It's up 7% in after-hours trading. https://t.co/UAx8CsE64j",1146159614616047618,
This is the email Elon Musk sent to all Tesla employees. It's also why $TSLA is green right now. https://t.co/MIynW2hAn1,1131568705970814976,
Tesla $TSLA is down another 6% today. It's on the verge of dropping below $190 per share. https://t.co/I90p2v4CvI,1131289795785822208,
"Would you buy Tesla $TSLA here? Or is it going lower?

https://t.co/jx9qUATxB3",1130939433790955526,
"Tesla $TSLA is at its lowest levels since 2017.

https://t.co/I90p2v4CvI https://t.co/Kc9R81ECQd",1129392360436240384,
"Do these 13 reasons make you more bullish on Tesla $TSLA or just flat out confused about what they're really working on?

https://t.co/euy3G11sH6",1126896870368907270,
"Tesla earnings are out and the stream goes wild! 

Loss ($2.90) vs. est ($0.69) 
Revs $4.54B vs. est $5.19B 

https://t.co/I90p2v4CvI https://t.co/O2hhWJ1cKx",1121162727916036103,
Tesla $TSLA and Facebook $FB are both set to open higher by 5%+ this morning.  Here's how they have done in the past following prior big gaps higher on earnings: https://t.co/mjQ1JbMQnO,1255849141793628160,
RT @NYCHealthSystem: Special thanks to @Tesla for a donation of 40 ventilators to our team at NYC Health + Hospitals/Elmhurst #inQueens. Th…,1245360094432366593,
RT @elonmusk: We have extra FDA-approved ventilators. Will ship to hospitals worldwide within Tesla delivery regions. Device &amp; shipping cos…,1245013352327372800,
RT @Tesla: Art of the Roof,1236039948614152193,
Investors including @elonmusk and @larryellison are now up 20% since the Tesla secondary that priced at $767 on Friday. $TSLA https://t.co/aqgkDQgE8w,1230133706758795265,
"Since Tesla's $TSLA IPO, 4 stocks in the Russell 3,000 have done better -- Paysign $PAYS, Patrick Industries $PATK, MMA Capital $MMAC, and LendingTree $TREE: https://t.co/tBMopJotZN https://t.co/Vk3kMIBCPu",1227670833478426624,
Shopify $SHOP has easily outperformed Tesla $TSLA since the start of 2019 and isn't all that far behind more recently: https://t.co/tBMopJotZN https://t.co/hgvkKvQyMT,1227670414010257409,
SHOP for a Tesla (TSLA) https://t.co/tBMopJotZN via @bespokeinvest,1227669892100501505,
Which direction is Tesla $TSLA more likely to trade tomorrow?,1225166808816275458,
"Not quite Tesla $TSLA, but check out this $IBM spike. 
 Not the type of move IBM shareholders are used to.  https://t.co/e4VGwjcBb6 https://t.co/9doOFMMSoV",1225149678301466627,
RT @bespokeinvest: Which direction is Tesla $TSLA more likely to trade tomorrow?,1225130377825701888,
Tesla $TSLA fib retracements -- 50% is at $570. https://t.co/drX6TCeqIX,1225125584935751686,
"In terms of performance for the most heavily shorted stocks in the Russell 1000, the average YTD change is a gain of 1.3%. Taking out Tesla $TSLA, the average performance flips to a decline of 1.75%: https://t.co/SJZjgI8O1T https://t.co/v3OmwJIrpq",1225096013020639232,
Tesla makes a run at biggest market 'bubble' ever https://t.co/A7dwtL1KJH,1225066994447286272,
"Took a few years, but Tesla $TSLA and Netflix $NFLX now have the same market cap again, just like back in mid-2017... NFLX's run in early 2018 wasn't as steep as TSLA's run now, but it was nothing to sneeze at either.  https://t.co/H4p1RcpfIn https://t.co/gZOKZaL7Jr",1224826307764203521,
RT @SamRo: Ford doing a reverse-Tesla right now https://t.co/NxOUVYvVO0 https://t.co/9Vxvu7mIUQ,1224804856445095936,
"RT @LJKawa: &gt;$34 billion:

Looks like Tesla may have set a new record for daily dollar volume traded in a single stock

(passing Amazon, wh…",1224804788363198472,
Which direction is Tesla $TSLA more likely to trade tomorrow?,1224795066738315265,
Lithium ETF $LIT up 7% as stocks like $ALB $SQM surge on the Tesla trade.  Panasonic $PCRFY up 8%.,1224706020594921472,
Watching Tesla this morning. https://t.co/Y5leBYJLvy,1224671338737979392,
"As Tesla $TSLA rallies, look at some of these atrocious Energy sector price charts (from our Chart Scanner tool: https://t.co/e8LECQTizl) https://t.co/s236uDeI1K",1224666891593101312,
"Of the world's ten largest automakers, Tesla $TSLA holds 18.2% of total market cap but just 2% of total revenues (USD adjusted).
Read more about Tesla's surge over the past few weeks in tonight's Closer: https://t.co/mbGfBu25vT https://t.co/wc3DdgsHpu",1224467965502017537,
"Tesla $TSLA now 64% above average analyst price target.  48.6% Sell ratings still.  Market cap up to $136 billion, up 81% YTD.",1224398908085932032,
"Tesla $TSLA up another 10%, $718/share.",1224347246361182208,
"With a market cap of $118 billion, Tesla $TSLA would be the 58th largest company in the S&amp;P 500...if it were in the index.",1223987707665358852,
This will only be Tesla's $TSLA 8th or 9th biggest gap up on earnings since its first ever report in 2010.  Here's a look at prior reports where it gapped up even more and how it traded from the open to the close. (Earnings Explorer tool: https://t.co/e8LECQTizl) https://t.co/2X2Cz1i2b1,1222877949671747587,
"With 10 buys, 10 holds, 16 sells and a consensus price target 36% below today's close is Wall Street really tripping over itself talking up Tesla? $TSLA",1220106029607899137,
Gonna take a lot more than a virus to stop Tesla $TSLA and Beyond Meat $BYND it looks like.  https://t.co/H4p1RcpfIn https://t.co/ZAA6fBrb4d,1219677714849857536,
Tesla shorts. $TSLA https://t.co/4XxPzJrMSw,1218620173210484736,
"Remember, Tesla $TSLA was the most hated stock in the Russell 1,000 back in November when it was at $350 (already up 100% from lows).  Re-visiting some of our commentary from an 11/13 Chart of the Day: https://t.co/0aNzE1poYg https://t.co/n9alt3opkE",1217111963328819202,
The market cap of Tesla is now larger than those of Ford and GM combined $TSLA $F $GM: https://t.co/ipHhzLkT7m https://t.co/DgIzEe6tBq,1215349878982922247,
"Tesla $TSLA just hit a new all-time high of $389.77.  The stock was at $185 at the end of May, now up 110% since then.  Took out its prior intraday high from September 2017.",1207367673350426625,
Tesla $TSLA is easily back on top as the largest US automaker by market cap...https://t.co/P8yFrQOFM9 https://t.co/ovlCSaDewt,1204829820493934593,
"This will be Tesla's $TSLA 2nd best opening gap higher on earnings in its history, while Twitter $TWTR is set for its 2nd worst earnings gap lower.  Twitter had been a market darling while Tesla had the highest % of Sell ratings among large caps. https://t.co/CFeJJ65xw9",1187354024330309633,
"Of the Russell 1,000 stocks with at least 20 analyst ratings, Tesla $TSLA ranks first in...% of Sell ratings at 40%.  There are 117 stocks (32% of stocks with at least 20 ratings) that have ZERO Sell ratings, including $AMZN which has 50+ Buy ratings.  https://t.co/H4p1RcpfIn",1182329189187362816,
"Tesla $TSLA was trading at $258 ahead of its last earnings report on April 24th.  While it got down to $178 in early June, the stock is now trading at $260 heading into its earnings report tomorrow. https://t.co/B3S4CuFW48",1153748022184075265,
"Here's a look at the most extended Nasdaq 100 stocks based on % above 50-DMAs. Western Digital $WDC is 26% above its 50-DMA, while Micron $MU is 20% above. Tesla $TSLA is the 3rd most extended at +15%. Tesla up 10% over the last week and back above $250. https://t.co/e8LECQTizl https://t.co/7ADiX5tgJz",1151115691384332288,
Tesla’s pleasing first-quarter results do little to justify the electric auto maker’s recent rally or stratospheric valuation in the coronavirus crisis https://t.co/MtkeOfi3Ei,1255871549141331968,
"RT @WSJheard: The truck industry is starting to take electric vehicles more seriously—just not the kind made by Tesla, says @StephenWilmot…",1252924917504339969,
"‘Amid coronavirus-related upheaval to the car industry, we believe Tesla increasingly has a leg up vs. other automakers,’ Credit Suisse analysts said. https://t.co/QcbNSkYuVU",1250149094594666499,
One question Tesla bulls may not have fully considered: Why buy a cybertruck when you could have a Batmobile? https://t.co/qkPR1t7sSS,1233515483233685504,
"Environmental, social or governance funds love tech stocks but not Tesla or Facebook https://t.co/mujUbrSWVf",1231934321763721217,
"RT @WSJ: Tesla announced it plans to sell $2 billion in fresh stock. 
@WSJheard explains why buying into the offering may be a questionable…",1228073683396243456,
Tesla faces fresh regulatory scrutiny as it looks to raise more than $2 billion from a stock sale https://t.co/38UGYIIBdn,1228027103020449792,
Tesla’s surprise issue is welcome news for the company — and bad news for those putting up the cash https://t.co/eFNFko52iJ,1228000673003974656,
"The mean price target for Tesla's stock among analysts? $495, or 36% below where the electric-car maker closed Tuesday. It is time to take “our foot off the accelerator.” https://t.co/tzkg15SoSd",1227626003868110848,
"The life of a Tesla short seller: Lately, lots of pain. https://t.co/HEzAeLnkEJ",1226904682674741248,
"RT @GZuckerman: NEW: #RunOver. #Tesla shorts lose over $8 billion in just 5 weeks. Some, including Jim Chanos, vow to maintain their bearis…",1226776699213189120,
"RT @kenbrown12: The life of a Tesla short seller: Lately, lots of pain. https://t.co/aTyg770s78 via @WSJ",1226689294196101120,
RT @srussolillo: One of the biggest winners from Tesla'a wild ride higher isn't who you'd think: It's a 112-year-old Scottish asset-managem…,1225802702501941248,
Scottish fund management firm Baillie Gifford is the second biggest shareholder in Tesla with a stake worth over $10 billion https://t.co/cdOxPCM84U,1225792595655299073,
RT @jonsindreu: Is Tesla the new Qualcomm?  https://t.co/Qfk6pzLAOg by @jmackin2 https://t.co/7iGVF5oWRO,1225736035084070912,
RT @WSJheard: Heard columnist @CGrantWSJ was on @CNBC to discuss Tesla's crazy price surge https://t.co/TUKIY9IRy3 $TSLA,1225141460464537600,
Check out the latest @WSJ video with @timkhiggins on how Elon Musk turned around Tesla’s stock https://t.co/XAtGPZsHd7,1224401685273088006,
RT @WSJ: Tesla’s stock jumped 200% in half a year--here's how https://t.co/zTtI4wbVoL,1224314251025768448,
Tesla shares up 11% today on this: https://t.co/3TWcIqI6Vo,1222970404735791105,
"Tesla shares look unstoppable, but investors should still be watching for sudden changes in direction https://t.co/0fafUXLMm4",1222863317577977856,
RT @R_Wall: Tesla says Model Y deliveries to start this quarter; semi before year end; as it says total deliveries should rise at least 36%…,1222797039857127424,
Most bond investors and analysts believe they would receive full repayment on Tesla’s roughly $10 billin of debt even in a bankruptcy https://t.co/YnR6hGlgqc,1222504906415845377,
Options traders are forecasting a rise or fall in Tesla’s stock of as much as 11.8% over the two sessions following its earnings report. https://t.co/vZyhiQ85EK,1222188866645512192,
"Scale can be a burden for incumbent auto makers, one reason investors flock to Tesla. https://t.co/dNtS8DpeI8",1220696510683324416,
"IBM, Tesla and Apple rise as tech shares gain, but broader rally falls short https://t.co/Ne2YEA2RVr",1220115707675009024,
"Musk has navigated Tesla into new territory, taking its market value above $100 billion to make it the world’s second most valuable auto maker https://t.co/PMrqKYfMs4",1220053026251116544,
"Tesla, Apple, General Motors, Netflix, Johnson &amp; Johnson are some of the companies with shares expected to trade actively Wednesday https://t.co/OOJCyLJ7yd",1219953881158995968,
"RT @srussolillo: This guy put 3/4 of his retirement savings into Tesla last summer, then tattooed $TSLA's trademark T on his arm. Shares ha…",1219443974861021184,
RT @GRogow: This story from @GunjanJS and @JAVerlaine is fantastic. Looks at the battle over Tesla's stock and what that means for the mark…,1219427718845980673,
"Elon Musk has short sellers on the run, but Tesla’s stock is as risky as ever https://t.co/bPKRemY4hz",1217913692240654338,
Streetwise: Should Tesla CEO Elon Musk send a thank-you letter to the Federal Reserve? Is it more than coincidence that Tesla’s stock—and the rest of the market—has soared since the Fed starting buying Treasurys again? https://t.co/BCuj7pFiqY,1217068912258506752,
Big gains in FANG stocks and Tesla drive a risky exchange-traded product to the top of the fund leaderboard. https://t.co/RgAVlnlJwV,1216773333624279046,
Tesla’s bond rally as its stock and convertible debt rose to records offers a range of attractive funding options https://t.co/tGokKm6SOI,1215011945713217537,
"Stocks to Watch: Tesla, GM, T-Mobile US, JM Smucker https://t.co/2oPXQU8COA",1214877965013651456,
RT @TomFairless: Tesla Is Now the Most Valuable U.S. Car Maker of All Time - WSJ https://t.co/qJv2qGNvwa,1214801151998062592,
RT @Kubota_Yoko: Latest on Tesla in China: ebullient Elon Musk dances and peels off his suit jacket on stage; prep work to build Model Y in…,1214737027557511169,
Tesla’s market value of $81.39 billion at Monday’s close made it the U.S.’s most valuable car maker https://t.co/v1eX2EGyuh,1214659761477705738,
Heard on the Street: Tesla’s new Shanghai factory has sent the shares of its Chinese suppliers into ludicrous mode https://t.co/pBep0J9sIj,1214524642167267333,
"Tesla’s Shanghai plant is a shining beacon for any company struggling to get big before it goes broke, writes @johndstoll https://t.co/z5pe5UvbvI",1214323520534188033,
"Tesla’s chief executive, Elon Musk, said on Twitter Friday that the company’s stock price, which has been surging in recent weeks, was “too high” in his opinion. The stock fell sharply after the post, and was trading down more than 9 percent. https://t.co/HbkDeui56t",1256302392720658435,
Tesla said Thursday it would suspend production at its California car factory and another factory in New York State. https://t.co/LzliEfxUwm,1240958025567002624,
Tesla said Thursday it was suspending production at its California car factory under pressure from local officials. https://t.co/nck6aWz7M5,1240783627774017540,
"The established European carmakers used to laugh at Tesla, but not anymore. The Model 3 has become one of the best-selling cars in Europe. https://t.co/3PcZjjllbf",1235193966305439746,
Tesla's unexpected success in Europe has caught the established carmakers off guard. They have been slow to introduce electric vehicles and risk missing a striking shift in automotive technology. https://t.co/MYC9FA4fR9,1235185503072391170,
Established carmakers are getting it from all sides. The coronavirus outbreak is hurting sales in China. The global auto market is flat. Emissions regulations are getting tougher. And Tesla is threatening to eat their lunch. https://t.co/X6htNS704m,1235161720659771393,
"Tesla, Microsoft, Boeing, GE Earnings Due; Fed On Deck: Investing Action Plan https://t.co/4TJ130VrZS",1255173565441208320,
"Stocks keep rallying: Tesla, Autodesk break out; AMD sets up before earnings $TSLA $ADSK $AMD Watch Stock Market Today here: https://t.co/RtFTSkLsGp https://t.co/NgQGJSn8fE",1254877299314319361,
RT @MarketSmith: Four Stocks In Or Near Buy Zones Include Dow Jones Leaders Apple And Microsoft; Tesla Breaks Out https://t.co/oI0RTRB0es,1254825863536771072,
"RT @IBD_ECarson: Apple, Tesla lead stocks near buy points with earnings due; Dow futures fall
https://t.co/dwpb5MR7Z1 #coronavirus $TSLA $A…",1254541920484954113,
"RT @IBD_ECarson: Dow futures fall as #coronavirus market rally faces key test, but breakouts expand as Apple, Tesla near bullish technical…",1250590459258449928,
"RT @IBD_ECarson: Definitely an important day to tune in to #IBDLive. We'll be discussing Thursday's strong market action, Tesla and top sto…",1246042840154755073,
"RT @IBD_ECarson: Dow Jones Futures: After strong #coronavirus stock market rally, Tesla leaps on Q1 deliveries; two leaders eye new buy poi…",1245873200031989761,
"Tesla, Top Automakers To Reveal Coronavirus Damage: Investing Action Plan https://t.co/5NOyh8NDWZ",1243598417470713857,
"Coronavirus crash continues: Citrix stands out; Apple hits resistance, Tesla dives $CTXS $AAPL $TSLA Check out the full episode: https://t.co/EjKcojD5RA https://t.co/t4tbLMTDrX",1240382621428768768,
"Stocks bounce in coronavirus bear market; Masimo, Adobe hold up, Tesla reverses $MASI $ADBE $TSLA https://t.co/31XFKEkM2m",1238555818569502720,
"RT @IBDinvestors: IBD Live Recap Tuesday: 
Analyzing The Aftermath Of A 33% Sell-Off In Tesla Stock. Should Investors Buy The Dip?

#IBDLiv…",1237485011659440128,
"IBD Live Recap Tuesday: 
Analyzing The Aftermath Of A 33% Sell-Off In Tesla Stock. Should Investors Buy The Dip?

#IBDLive $TSLA https://t.co/jmB83t8wrP",1237446461534507008,
A sneak peek of this week's Investing with IBD podcast! Ross Gerber of @GerberKawasaki talks to @IBD_Irusha about the impact of #COVID19 on the markets and why the #tesla420 party will not be canceled from the #CoronavirusOutbreak. New episode drops tomorrow! #stocks $TSLA https://t.co/7DxshQV2YR,1235370090293428224,
"RT @IBDinvestors: IBD Live Thursday Recap: Analyzing Tesla Stock; How To Manage The Coronavirus Sell-Off

#IBDLive $TSLA https://t.co/b0dJg…",1233416998442287104,
"RT @IBD_ECarson: Volatile futures sharply lower; Tesla, Nvidia set to test or undercut key support https://t.co/6531xFtFpJ $TSLA $NVDA $AAP…",1233394784984850437,
"IBD Live Thursday Recap: Analyzing Tesla Stock; How To Manage The Coronavirus Sell-Off

#IBDLive $TSLA https://t.co/b0dJg25TPn",1233157652131139584,
Is finding your next top stock just a tweet away? Find out how @AndySwan uses social media data to find the market’s next big movers like @Tesla on the latest edition of “Investing with IBD” podcast sponsored by @MarketSmith $TSLA #stocks https://t.co/7zkoGbMR1e,1231262439372660736,
"RT @IBD_ECarson: Tesla Surges Above 900, Leading Early Movers; Futures Rise https://t.co/95xm1c7nh5 $TSLA $ENPH $SEDG $NVDA $AAPL https://t…",1230103265137876992,
"RT @IBD_ECarson: Dow futures decline on concerns about #coronavirus impact on China's economy. Apple iPhone, Tesla China plants in focus. A…",1226661654756306949,
"RT @IBD_JMa: Auto giants are trying to catch up with @Tesla but are letting their tech partners control more car functions, @IBD_ANarayanan…",1225877722389532675,
"Stocks rally, Burlington Stores in buy range as red-hot Tesla, Paylocity tumble $BURL $TSLA $PCTY https://t.co/BGAX9OCK7x",1225162100789506048,
RT @IBD_ECarson: Forget about whether you're a Tesla bull or bear or @elonmusk fan. This is why you don't buy any stock that's so extended.…,1225084588336144384,
"RT @IBDinvestors: Tesla Stock Analysis On IBD Live: A Stock In Ludicrous Mode

Shares near $1000 for the first time ever. $TSLA https://t.c…",1224817098368544768,
"RT @AlissaCoram: $TSLA gif contest – How do you feel about the #Tesla stock move? For me, it's: https://t.co/VzQEP8SS2r",1224793240693563392,
"Tesla Stock Analysis On IBD Live: A Stock In Ludicrous Mode

Shares near $1000 for the first time ever. $TSLA https://t.co/PftQYxsqn0",1224787743726653440,
Futures turn higher; is Tesla overheating? https://t.co/IMt4MRxHYN $TSLA $GOOGL $TDG $LHX $LITE $AAPL https://t.co/oi98nZRTKJ,1224513496227962880,
"Stocks rebound from sell-off: Tesla flies, Lululemon, Snap flirt with buy points $TSLA $LULU $SNAP https://t.co/iWCU1fZddf",1224437280225423361,
"RT @IBD_ECarson: Tesla, Facebook, Microsoft and ServiceNow are big earnings movers after hours, but three chip stocks are flashing buy sign…",1222671794777329666,
"Facebook, Boeing, Tesla Earnings Plus Fed Meeting Lead Investing Action Plan https://t.co/SKvNrHQ9Sw",1222223574468976642,
"RT @IBD_ECarson: Dow futures dive as coronavirus spreads rapidly in China; big stock market test with Apple, AMD, Tesla earnings due
https:…",1221583258107944962,
"Apple, Amazon, Tesla Earnings Lead Frenzied Week Of Q4 Results: Investing Action Plan https://t.co/VM3xdoZPTV",1220769363667476485,
"RT @IBD_ECarson: Taiwan Semiconductor's 5G Chip Outlook Lifts Apple, Tech Futures; Tesla Falls On News https://t.co/mzOBwgjcpM $TSM $AAPL $…",1217791926679801857,
"RT @IBD_ECarson: Futures Signal Gains To Start 2020; Google, Disney Lead Top Stocks Testing Key Support https://t.co/tNznBCfGQ7 #Tesla $TSL…",1212530648751202305,
"$TSLA down almost a percent - which is great for traders says @mwebster1971 

We may get delivery numbers on Friday, a very important for number for Tesla investors, so watch out.

#IBDLive https://t.co/ULy6ldVOzO",1211657070476267521,
"Tesla, Automakers To Kick Off 2020 With These Milestones: Investing Action Plan https://t.co/uYH45RjEW0",1210619865293131776,
"Why This Trading Pro Is Bullish On Tesla Stock, Up 76% In 12 Weeks https://t.co/IuDej9nFnJ https://t.co/hqqv2bHWBI",1210324168857673729,
"RT @mwebster1971: Come on @IBD_CGessel for me, it was love, at first sight, with the @Tesla Cybertruck...what's wrong with you? You can do…",1207769590060597253,
"Tesla, Autodesk enter buy zones; Amarin reverses lower $TSLA $ADSK $AMRN  Sponsored by Interactive Brokers. @IBKR https://t.co/E5G9NHBYMb",1206681099008524288,
$TSLA CEO hinting the new Tesla Cyber truck is near 250k pre-orders so far - close to what the Tesla model 3 had. How is this affecting $TSLA stock? #IBDLive,1199697310789193728,
RT @IBD_ECarson: Dow futures rise with market rally still fearless: Tesla Cybertruck reservations hit 200K; two big M&amp;A deals are in focus…,1198795368156319750,
"@IBD_CGessel @IBD_ECarson ""Keep in mind, they rolled out the Tesla semi, they rolled out the Tesla Roadster... Where are those? Ultimately if no one wants this, it won't stick around and they'll move on."" Says @IBD_ECarson on $TSLA.",1197895089416110080,
"RT @IBD_ECarson: Tesla cybertruck, with 1980s-futuristic design, will start at $39,900. How will investors react? $TSLA is in buy range, up…",1197745079181549570,
"RT @IBD_ECarson: Tesla cybertruck unveiling event tonight with $TSLA in buy range. Ross Stores, Pure Storage, Splunk and StoneCo are earnin…",1197701947299696640,
"Tesla Truck Event, More Retail Earnings: Investing Action Plan https://t.co/JA2UJp9cbA",1197213908135636992,
"""$AMRN seems to be the $TSLA of biotech stocks."" @IBD_CGessel pointing out how this stock is just as divisive as Tesla stock.

Does this stock deserve a spot on your watchlist? #IBDLive",1197166046320316417,
"Top Retail Stocks To Report, Tesla To Unveil Electric Truck: Investing Action Plan https://t.co/XhnQnx374m https://t.co/PNN4sx633d",1195421974672986112,
"Stocks hold at highs; Tesla, Acadia break out, https://t.co/pMKAgHTGTY still a buy after Singles Day $TSLA $ACAD $JD Sponsored by Interactive Brokers. @IBKR https://t.co/vF0GZhCMSM",1193996690367238144,
RT @IBD_ECarson: @mwebster1971 and I had a friendly debate about Tesla on IBD Live today. I 100% agree that $TSLA is not for the faint of h…,1192838982733680646,
"Shares of Tesla surged after a huge earnings beat, while results from Lam Research fueled another rally in semiconductor stocks $TSLA $TDG $NG Sponsored by Interactive Brokers. @IBKR https://t.co/duVDJolMIZ",1187458628376154112,
"Tesla, Dow Jones Giants To Report Earnings: Investing Action Plan https://t.co/TO7Agq0chQ",1186692073086341120,
"Tesla, Amazon, Boeing, Intel Lead Big Earnings Week: Investing Action Plan https://t.co/mrM4CEyFop",1185246798496952321,
"RT @IBD_ECarson: Dow Jones Futures Tilt Higher; Tesla Deliveries Disappoint, E-Trade Goes To Zero
https://t.co/Hso4r0CbHS $AAPL $BA $TSLA $…",1179585534324334592,
"Tesla May Set Record; Jobs Data, Auto Sales Due: Investing Action Plan https://t.co/dRre6HoCSy",1177652008653737984,
"Earnings from Tesla and PayPal disappointed, but Thursday’s session offered up some bright spots $CIEN $BYND $FB Sponsored by Interactive Brokers https://t.co/ENtzOSmlqS",1154481287656116224,
"RT @IBD_ECarson: Tesla plunges on huge loss, one of five big earnings movers overnight https://t.co/rRbG4TX2Cf $TSLA $FB $XLNX $NOW $F http…",1154223991277703168,
"Tesla, Facebook, Boeing Lead Wednesday Earnings: Investing Action Plan https://t.co/Q9AWSwPYNM",1153703093814493185,
"Tesla, More FANG Stocks, Boeing To Report Earnings: Investing Action Plan https://t.co/d7z6DzgPs7",1152276191560081408,
RT @IBD_ECarson: S&amp;P 500 Set To Open At New High; This Stock Is Electric https://t.co/6i8fmyUpIL #Tesla $TSLA $FB $AMZN $ZS $NOW https://t.…,1146373586858459136,
"OPEC Meeting, G-20 Reaction, Tesla Sales Lead Investing Action Plan https://t.co/MWcqS8zUKA",1144609921083641857,
RT @danacimilluca: Tesla says Justice Department and SEC are investigating Model 3 production targets https://t.co/BSqzp4ZdnW,1058451583921471490,
RT @erikholmwsj: Tesla bears are paying $3.8 million a day in fees to short the stock as investors recall shares ahead of a big vote  https…,778981347553665024,
RT @danacimilluca: Dealpolitik: A Family of Conflicts in Tesla-SolarCity Deal  https://t.co/hsrsk1C0Uq via @WSJ,746085208135438336,
Tesla offers to acquire SolarCity  https://t.co/LlOUJjcJZT,745372745538560000,
"RT @ScottMAustin: Tesla is trying to buy SolarCity ... Time to look back at Elon Musk's tangled business empire...
https://t.co/ifU6oPmhg2",745367567586451457,
